show_id,type,title,director,cast,country,date_added,release_year,rating,duration,listed_in,description
s9,TV Show,The Great British Baking Show,Andy Devonshire,"Mel Giedroyc, Sue Perkins, Mary Berry, Paul Hollywood",United Kingdom,"September 24, 2021",2021,TV-14,9 Seasons,"British TV Shows, Reality TV","A talented batch of amateur bakers face off in a 10-week competition, whipping up their best dishes in the hopes of being named the U.K.'s best."
s33,TV Show,Sex Education,,"Asa Butterfield, Gillian Anderson, Ncuti Gatwa, Emma Mackey, Connor Swindells, Kedar Williams-Stirling, Alistair Petrie",United Kingdom,"September 17, 2021",2020,TV-MA,3 Seasons,"British TV Shows, International TV Shows, TV Comedies","Insecure Otis has all the answers when it comes to sex advice, thanks to his therapist mom. So rebel Maeve proposes a school sex-therapy clinic."
s96,TV Show,The Circle,,Michelle Buteau,"United States, United Kingdom","September 8, 2021",2021,TV-MA,3 Seasons,Reality TV,"Status and strategy collide in this social experiment and competition show where online players flirt, befriend and catfish their way toward $100,000."
s175,Movie,Tears of the Sun,Antoine Fuqua,"Bruce Willis, Monica Bellucci, Cole Hauser, Eamonn Walker, Johnny Messner, Nick Chinlund, Charles Ingram, Paul Francis, Chad Smith, Tom Skerritt, Malick Bowens, Awaovieyi Agie",United States,"September 1, 2021",2003,R,121 min,"Action & Adventure, Dramas","A Navy SEAL is sent to a war-torn African jungle to rescue a doctor, only to realize he must also save the refugees in the physician's care."
s180,Movie,The Nutty Professor,Tom Shadyac,"Eddie Murphy, Jada Pinkett Smith, James Coburn, Larry Miller, Dave Chappelle, John Ales, Patricia Wilson, Jamal Mixon",United States,"September 1, 2021",1996,PG-13,95 min,"Comedies, Romantic Movies","After being made fun of for his weight, a kind and brainy professor takes a dose of a revolutionary formula that changes more than just his appearance."
s185,TV Show,Sparking Joy,,Marie Kondo,United States,"August 31, 2021",2021,TV-PG,1 Season,Reality TV,"In this reality series, Marie Kondo brings her joyful tidying tactics to people struggling to balance work and home life — and shares her own world."
s213,TV Show,Rebellion,,"Charlie Murphy, Ruth Bradley, Sarah Greene, Brian Gleeson, Michelle Fairley, Ian McElhinney, Michael Ford-FitzGerald, Paul Reid, Barry Ward, Tom Turner, Perdita Weeks, Andrew Simpson, Sophie Robinson",Ireland,"August 27, 2021",2016,TV-MA,2 Seasons,"International TV Shows, TV Dramas","As World War I rages, three women and their families in Dublin choose sides in the violent Easter Rising revolt against British rule."
s282,Movie,Brother Jekwu,Charles Uwagbai,"Mike Ezuruonye, Juliet Ochienge, Angela Okorie, Huddah Monroe, Catherine Kamau, Naomi Mburu, Derrick Aduwo, Chris Kamau, Abubakar Salum, Celebrity Landlord",Nigeria,"August 11, 2021",2016,TV-14,101 min,"Comedies, International Movies","Chasing wild success, a village hustler follows his cousin from Nigeria to Kenya and stumbles into the shady business affairs of a notorious overlord."
s308,Movie,Aftermath,Peter Winther,"Ashley Greene, Shawn Ashmore, Sharif Atkins, Britt Baron, Diana Hopper, Ross McCall, Jamie Kaler, Travis Coles, Susan Walters, Jason Liles",United States,"August 4, 2021",2021,TV-MA,115 min,Horror Movies,"Desperate to save their marriage, a young couple takes a deal and moves into their dream home, but disturbing events reveal the house's troubled history."
s312,TV Show,Control Z,,"Ana Valeria Becerril, Michael Ronda, Yankel Stevan, Zion Moreno, Luis Curiel, Samantha Acuña, Macarena García, Fiona Palomo, Andrés Baida, Patricio Gallardo, Iván Aragón, Xabiani Ponce de León, Patricia Maqueo, Rodrigo Cachero, Rocío Verdejo, Mauro Sánchez Navarro, Lidia San José, Thanya López, Renata del Castillo, Arturo Barba, Kariam Castro, Ariana Saavedra, Alexander Holtmann, Nastassia Villasana, Marco Zunino",Mexico,"August 4, 2021",2021,TV-MA,2 Seasons,"International TV Shows, Spanish-Language TV Shows, TV Dramas","When a hacker begins releasing students' secrets to the entire high school, the socially isolated but observant Sofía works to uncover his/her identity."
s333,Movie,Deep Blue Sea,Renny Harlin,"Thomas Jane, Saffron Burrows, Samuel L. Jackson, Jacqueline McKenzie, Michael Rapaport, Stellan Skarsgård, LL Cool J, Aida Turturro, Cristos, Daniel Rey","United States, Mexico","August 1, 2021",1999,R,105 min,"Action & Adventure, Horror Movies, Sci-Fi & Fantasy",Scientists conduct research on sharks in search of an Alzheimer's cure. But a dangerous shortcut leads to huge sharks with near-human intelligence.
s335,Movie,Five Feet Apart,Justin Baldoni,"Haley Lu Richardson, Cole Sprouse, Moisés Arias, Kimberly Hébert Gregory, Parminder Nagra, Claire Forlani, Emily Baldoni, Gary Weeks, Cynthia Evans",United States,"August 1, 2021",2019,PG-13,116 min,"Dramas, Romantic Movies",A teen with cystic fibrosis shakes up her daily routine and challenges hospital protocol when she falls for a fellow patient.
s338,Movie,Good Luck Chuck,Mark Helfrich,"Dane Cook, Jessica Alba, Dan Fogler, Ellia English, Sasha Pieterse, Annie Wood, Lonny Ross, Chelan Simmons, Simone Bailly, Jodelle Ferland, Crystal Lowe, Troy Gentile, Georgia Craig, Michelle Harrison, Chiara Zanni","United States, Canada","August 1, 2021",2007,R,99 min,"Comedies, Romantic Movies","Every time Chuck breaks up with a girlfriend, she ends up engaged to her next boyfriend. Soon, women are dating Chuck in hopes of meeting Mr. Right."
s352,Movie,Team America: World Police,Trey Parker,"Trey Parker, Matt Stone, Kristen Miller, Masasa Moyo, Daran Norris, Phil Hendrie, Maurice LaMarche, Chelsea Magritte, Jeremy Shada, Fred Tatasciore","United States, Germany","August 1, 2021",2004,R,98 min,"Action & Adventure, Comedies, Cult Movies","In this musical satire, an all-marionette police force takes on the challenging role of keeping the peace on a troubled planet."
s375,Movie,Flower Girl,Michelle Bello,"Damilola Adegbite, Chris Attoh, Chuks Chukwujekwu, Blossom Chukwujekwu, Eku Edewor, Bikiya Graham Douglas",Nigeria,"July 29, 2021",2013,TV-PG,94 min,"Comedies, International Movies, Romantic Movies","When a young florist who's long dreamed of her wedding day gets dumped by her boyfriend, she sets out to win him back with help from a handsome actor."
s453,Movie,A Perfect Fit,Hadrah Daeng Ratu,"Nadya Arina, Refal Hady, Giorgino Abraham, Anggika Bolsterli, Laura Theux, Christine Hakim, Unique Priscilla, Karina Suwandi, Mathias Muchus, Ayu Laksmi, I Made Sidia, Dominique Sanda, Bryan Domani, Wafda Saifan, Yayu Unru, Dave Hendrik",Indonesia,"July 15, 2021",2021,TV-PG,113 min,"Comedies, Dramas, International Movies","Sparks fly when a fashion blogger in Bali meets a gifted shoemaker, leading her to question her commitment to her fiancé."
s537,TV Show,Tales by Light,,"Darren Jew, Art Wolfe, Krystle Wright, Peter Eastway, Richard l’Anson, Jack Thompson, Jonathan Scott, Angela Scott, Eric Cheng, Stephen Dupont",Australia,"July 6, 2021",2018,TV-14,3 Seasons,"Docuseries, International TV Shows, Science & Nature TV","Follow renowned photographers as they explore far-flung locales, capturing extraordinary images that present nature and culture in a new light."
s539,TV Show,The A List,,"Lisa Ambalavanar, Ellie Duckles, Savannah Baker, Cian Barry, Eleanor Bennett, Jacob Dudman, Rosie Dwyer, Jack Kane, Max Lohan, Nneka Okoye, Micheal Ward, Georgina Sadler, Indianna Ryan",United Kingdom,"July 6, 2021",2021,TV-PG,2 Seasons,"British TV Shows, International TV Shows, TV Dramas","Romance, rivalry and radical mystery collide as a group of teens attend a remote island sleepaway camp in this suspenseful, supernatural drama."
s542,Movie,Truckbhar Swapna,Pramod Pawar,"Makrand Deshpande, Kranti Redkar, Mukesh Rishi, Manoj Joshi, Smita Tambe, Aaditi Pohankar, Sahil Gilbile, Jyoti Joshi",India,"July 6, 2021",2018,TV-14,128 min,"Comedies, Dramas, International Movies",A taxi driver living in a Mumbai slum seeks to better his family's life by building an extension of his home while dealing with a lecherous contractor.
s593,Movie,She's Out of My League,Jim Field Smith,"Jay Baruchel, Alice Eve, T.J. Miller, Mike Vogel, Nate Torrence, Krysten Ritter, Geoff Stults, Lindsay Sloane, Andrew Daly, Jasika Nicole, Kyle Bornheimer",United States,"July 1, 2021",2010,R,106 min,"Comedies, Romantic Movies","Kirk's a 5. His new girlfriend Molly's a 10. No one knows what she sees in him, including Kirk. Will his raging insecurities ruin this budding romance?"
s643,TV Show,The Naked Director,,"Takayuki Yamada, Shinnosuke Mitsushima, Tetsuji Tamayama, Misato Morita, Tokio Emoto, Sairi Ito, Ami Tomite, Takenori Goto, Koyuki, Lily Franky, Jun Kunimura, Ryo Ishibashi, Kotaro Yoshida, Itsuji Itao, Kimiko Yo",Japan,"June 24, 2021",2021,TV-MA,2 Seasons,"International TV Shows, TV Dramas","In 1980s Japan, one determined man turned every crushing setback into opportunity. His name was Toru Muranishi, and he revolutionized his industry."
s651,Movie,O Vendedor de Sonhos,Jayme Monjardim,"César Troncoso, Dan Stulbach, Thiago Mendonça, Leonardo Medeiros",Brazil,"June 22, 2021",2016,TV-14,96 min,"Dramas, International Movies",A disillusioned psychologist tries to commit suicide until he strikes up a friendship with an unlikely savior who teaches him a new way of living.
s676,TV Show,REA(L)OVE,,"Atsushi Tamura, Mari Yaguchi",Japan,"June 19, 2021",2018,TV-MA,1 Season,"International TV Shows, Reality TV, Romantic TV Shows","A group of men and women, each burdened with a dark secret, look for love in this dating show with a twist. Hosted by reformed playboy Atsushi Tamura."
s753,Movie,Vampire Academy,Mark Waters,"Zoey Deutch, Lucy Fry, Danila Kozlovsky, Gabriel Byrne, Dominic Sherwood, Sarah Hyland, Sami Gayle","United States, United Kingdom","June 7, 2021",2014,PG-13,104 min,"Action & Adventure, Comedies, Sci-Fi & Fantasy","A half-human, half-vampire teen must prepare for class and her destiny as the protector of mortal vampires against their vicious immortal counterparts."
s776,Movie,A Perfect Ending,Nicole Conn,"Barbara Niven, Jessica Clark, John Heard, Morgan Fairchild, Kerry Knuppe, Imelda Corcoran, Mary Jane Wells, Rebecca Staab, Michael Adam Hamilton, Bryan Jackson, Bryan Mordechai Jackson",United States,"June 2, 2021",2012,TV-MA,110 min,"Dramas, Independent Movies, LGBTQ Movies","After confessing an unusual secret, a repressed wife – prompted by her friends – decides to explore her sexuality with a high-priced call girl."
s787,Movie,Company of Heroes,Don Michael Paul,"Tom Sizemore, Chad Michael Collins, Vinnie Jones, Dimitri Diatchenko, Neal McDonough, Jürgen Prochnow, Sam Spruell, Richard Sammel, Philip Rham, Alastair Mackenzie",United States,"June 2, 2021",2013,R,101 min,"Action & Adventure, Dramas","During the last major German offensive of World War II, a group of Allied soldiers sets out against all odds to turn the war around."
s796,TV Show,Happy Endings,,"Eliza Coupe, Elisha Cuthbert, Zachary Knighton, Adam Pally, Damon Wayans Jr., Casey Wilson",United States,"June 2, 2021",2012,TV-14,3 Seasons,TV Comedies,"After his fiancée, Alex, dumps him at the altar, Dave finds himself nursing a broken heart and battling her for custody of their quirky friends."
s800,Movie,Million Dollar Baby,Clint Eastwood,"Clint Eastwood, Hilary Swank, Morgan Freeman, Anthony Mackie, Jay Baruchel, Mike Colter, Lucia Rijker, Brían F. O'Byrne, Margo Martindale, Riki Lindhome",United States,"June 2, 2021",2004,PG-13,133 min,"Dramas, Sports Movies","When a cantankerous trainer mentors a persistent amateur boxer determined to go pro, deep-seated emotions become their strongest opponents."
s815,Movie,The Four Seasons,Alan Alda,"Alan Alda, Carol Burnett, Len Cariou, Sandy Dennis, Rita Moreno, Jack Weston, Bess Armstrong, Elizabeth Alda, Beatrice Alda",United States,"June 2, 2021",1981,PG,108 min,"Comedies, Romantic Movies","Three middle-aged couples vacation together every season until one of the men ditches his wife for a younger woman, tilting the group's dynamics."
s839,Movie,Soy Rada: Serendipity,Pablo Faro,Agustín Aristarán,Argentina,"May 27, 2021",2021,TV-MA,70 min,Stand-Up Comedy,"The delightful Argentine comic Agustín Aristarán (aka Soy Rada) is back, this time putting the spotlight on family and parenting, magic and music."
s869,TV Show,The Magic School Bus,,"Lily Tomlin, Daniel DeSanto, Erica Luttrell, Maia Filar, Lisa Yamanaka, Tara Meyer, Stuart Stone, Malcolm-Jamal Warner, Danny Tamberelli","Canada, United States","May 19, 2021",1997,TV-Y,1 Season,Kids' TV,"Join Ms. Frizzle as the Magic School Bus travels to outer space, under the sea, through an anthill – and even inside the human body!"
s878,Movie,Cinema Bandi,Praveen Kandregula,"Vikas Vasistha, Sandeep Varanasi, Rag Mayur, Trishara, Munivenkatapa, Uma Yg, Sirivennela Yanamandhala, Sindhu Sreenivasa Murthy",India,"May 14, 2021",2021,TV-MA,99 min,"Comedies, Independent Movies, International Movies",A struggling rickshaw driver’s life takes a rollicking turn when he comes upon an expensive camera and decides to make a film with his fellow villagers.
s906,Movie,Super Me,Zhang Chong,"Darren Wang, Song Jia, Cao Bingkun, Wu Gang, Chin Shih-chieh, Wang Ziyi, Kevin Lee",China,"May 8, 2021",2021,TV-14,104 min,"Action & Adventure, Dramas, International Movies",A struggling screenwriter discovers his lucrative ability to bring antiques from his dreams into the real world — but his new life soon unravels.
s921,TV Show,Selena: The Series,,"Christian Serratos, Gabriel Chavarria, Ricardo Chavira, Noemi Gonzalez, Seidy Lopez, Hunter Reese Peña, Julio Macias, Carlos Alfredo Jr., Jesse Posey, Madison Taylor Baez, Juan Martinez, Daniela Estrada, Paul Rodriguez Jr.","Mexico, United States","May 4, 2021",2020,TV-PG,2 Seasons,TV Dramas,Iconic Mexican-American performer Selena rises to fame as she and her family make sacrifices in order to achieve their lifelong dreams.
s944,Movie,Never Back Down,Jeff Wadlow,"Sean Faris, Amber Heard, Cam Gigandet, Evan Peters, Leslie Hope, Djimon Hounsou, Wyatt Smith, Affion Crockett, Neil Brown Jr., Lauren Leech, Tilky Jones, Steven Crowley, Tom Nowicki",United States,"May 1, 2021",2008,PG-13,113 min,"Action & Adventure, Dramas, Sports Movies","When a quick-tempered teen moves to a new town and faces the challenges of attending a new high school, he seeks solace in an underground fight club."
s980,Movie,Düğün Dernek,"Selçuk Aydemir, Birkan Pusa","Ahmet Kural, Murat Cemcir, Rasim Öztekin, Devrim Yakut, Barış Yıldız, İnan Ulaş Torun, Zerrin Sümer, Şinasi Yurtsever",Turkey,"April 23, 2021",2013,TV-MA,102 min,"Comedies, International Movies","On the first day of Ramadan, Ismail joins friends on a road trip to a mosque and encounters his son, who, to Ismail's chagrin, plans a hasty wedding."
s1000,Movie,Stowaway,Joe Penna,"Anna Kendrick, Toni Collette, Daniel Dae Kim, Shamier Anderson","Germany, United States","April 22, 2021",2021,TV-MA,116 min,"Dramas, International Movies, Thrillers",A three-person crew on a mission to Mars faces an impossible choice when an unplanned passenger jeopardizes the lives of everyone on board.
s1002,Movie,Oloibiri,Curtis Graham,"Olu Jacobs, Richard Mofe-Damijo, William R. Moses, Taiwo Ajai-Lycett, Ifeanyi Williams, Ivie Okujaye, Dayton Sinkia, Bradley Gordon","Canada, Nigeria, United States","April 21, 2021",2015,TV-14,86 min,"Dramas, International Movies, Thrillers","After drilling depletes a small village, a corporation finds more oil in the region, igniting tensions among the community."
s1005,TV Show,Izzy's Koala World,,"Izzy Bee, Ali Bee, Tim Bee",Australia,"April 20, 2021",2021,TV-Y,2 Seasons,Kids' TV,Young koala caretaker Izzy Bee and her family rescue cuddly creatures in need and help them head back into the wild on Australia’s Magnetic Island.
s1015,TV Show,PJ Masks,,"Jacob Ewaniuk, Kyle Breitkopf, Addison Holley","France, United Kingdom","April 19, 2021",2019,TV-Y,3 Seasons,Kids' TV,"Three 6-year-old kids who live normal lives during the day become superheroes at night, fighting crime as a team known as PJ Masks."
s1016,Movie,American Me,Edward James Olmos,"Edward James Olmos, William Forsythe, Pepe Serna, Danny De La Paz, Evelina Fernandez, Cary-Hiroyuki Tagawa, Daniel Villarreal, Sal Lopez, Daniel Haro, Domingo Ambriz",United States,"April 17, 2021",1992,R,126 min,Dramas,Three friends born in poverty create their own capitalist dream as powerful gang members. Time in prison makes one of them consider a fresh beginning.
s1037,Movie,Time Trap,"Mark Dennis, Ben Foster","Andrew Wilson, Cassidy Gifford, Brianne Howey, Reiley McClendon, Olivia Draguicevich, Max Wright, Hans Marrero, Rich Skidmore, Chris Sturgeon, Gopal Bidari",United States,"April 16, 2021",2017,TV-14,88 min,"Action & Adventure, Sci-Fi & Fantasy","While searching for their missing archaeology professor, a group of students discovers a cave where time passes differently than it does on the surface."
s1042,Movie,GANTZ:O,"Keiichi Sato, Yasushi Kawamura","Daisuke Ono, M・A・O, Tomohiro Kaku, Saori Hayami, Shuichi Ikeda, Kendo Kobayashi, Razor Ramon RG, Razor Ramon HG, Masane Tsukayama, Masaya Onosaka, Kenjiro Tsuda, Teruaki Ogawa, Hisanori Yoshida, Yuki Kaji",Japan,"April 15, 2021",2016,TV-MA,96 min,"Action & Adventure, Anime Features, Horror Movies",Teams of recently deceased people who've been revived and given high-tech weapons must cooperate to defeat an army of monsters in Tokyo and Osaka.
s1047,Movie,Only Mine,Michael Civille,"Amber Midthunder, Brett Zimmerman, Chris Browning, Walter Fauntleroy, Claudia Ferri, Lorenzo James Henrie, Ellen Wroe, Ashley Holliday Tavares, Nancy Linehan Charles, Jonna Walsh",United States,"April 15, 2021",2019,TV-14,88 min,Thrillers,"After dating a charming cop who turns into an obsessive stalker, a small-town girl must save herself from his deadly ways."
s1058,TV Show,Dad Stop Embarrassing Me!,,"Jamie Foxx, David Alan Grier, Kyla-Drew, Porscha Coleman, Jonathan Kite, Heather Hemmens, Valente Rodriguez",United States,"April 14, 2021",2021,TV-14,1 Season,TV Comedies,A single dad and cosmetics brand owner figures out fatherhood on the fly when his strong-minded teen daughter moves in with him.
s1110,Movie,Just Say Yes,"Appie Boudellah, Aram van de Rest","Yolanthe Cabau, Noortje Herlaar, Kim-Lian van der Meij, Nienke Plas, Pip Pellens, Jim Bakkum, Huub Smit, Edwin Jonker",Netherlands,"April 2, 2021",2021,TV-MA,98 min,"Comedies, International Movies, Romantic Movies",Incurable romantic Lotte finds her life upended when her plans for a picture-perfect wedding unravel — just as her self-absorbed sister gets engaged.
s1114,Movie,2012,Roland Emmerich,"John Cusack, Amanda Peet, Chiwetel Ejiofor, Thandie Newton, Oliver Platt, Tom McCarthy, Woody Harrelson, Danny Glover, Liam James, Morgan Lily",United States,"April 1, 2021",2009,PG-13,158 min,"Action & Adventure, Sci-Fi & Fantasy","When a flood of natural disasters begins to destroy the world, a divorced dad desperately tries to save his family by outrunning the cataclysmic chaos."
s1126,TV Show,Murder Maps,,Nicholas Day,United Kingdom,"April 1, 2021",2017,TV-MA,2 Seasons,"British TV Shows, Crime TV Shows, Docuseries",Dramatic reenactments paired with archival sources artfully illustrate how police brought some of Britain's most infamous killers to justice.
s1154,Movie,Mandela: Long Walk to Freedom,Justin Chadwick,"Idris Elba, Naomie Harris, Tony Kgoroge, Riaad Moosa, Zolani Mkiva, Simo Mogwaza, Fana Mokoena, Thapelo Mokoena, Jamie Bartlett, Deon Lotz, Terry Pheto, Mark Elderkin","United Kingdom, South Africa, France","March 29, 2021",2013,PG-13,141 min,"Dramas, International Movies",This in-depth biopic portrays groundbreaking South African leader Nelson Mandela's fight against political oppression and virulent racism.
s1180,TV Show,Mighty Morphin Power Rangers,,"Austin St. John, Thuy Trang, Walter Jones, Amy Jo Johnson, David Yost, Jason David Frank, Johnny Yong Bosch, Karan Ashley, Steve Cardenas, Catherine Sutherland, Paul Schrier, Jason Narvy, David Fielding, Richard Steven Horvitz, Barbara Goodson","United States, Japan","March 20, 2021",2010,TV-Y7,4 Seasons,Kids' TV,"Five average teens are chosen by an intergalactic wizard to become the Power Rangers, who must use their new powers to fight the evil Rita Repulsa."
s1219,Movie,YES DAY,Miguel Arteta,"Jennifer Garner, Edgar Ramírez, Jenna Ortega, Julian Lerner, Everly Carganilla, Tracie Thoms, Fortune Feimster, Nat Faxon, Arturo Castro",United States,"March 12, 2021",2021,PG,90 min,"Children & Family Movies, Comedies",A mom and dad who usually say no decide to say yes to their kids' wildest requests — with a few ground rules — on a whirlwind day of fun and adventure.
s1245,Movie,Indoo Ki Jawani,Abir Sengupta,"Kiara Advani, Aditya Seal, Mallika Dua, Rakesh Bedi, Rajendra Sethi, Chittaranjan Tripathi, Rajesh Jais, Alka Badola Kaushal",India,"March 2, 2021",2020,TV-14,115 min,"Action & Adventure, Comedies, International Movies","A spirited but naive young woman seeks a one-night stand, but after discovering her date’s real identity, things quickly go from casual to complicated."
s1267,Movie,Tony Manero,Pablo Larraín,"Alfredo Castro, Paola Lattus, Héctor Morales, Amparo Noguera, Elsa Poblete","Chile, Brazil","February 26, 2021",2008,TV-MA,97 min,"Dramas, Independent Movies, International Movies","Amid the violence of Pinochet's reign in 1978 Chile, emotionally dead Raúl finds escape in his obsession over the protagonist in ""Saturday Night Fever."""
s1269,TV Show,El final del paraíso,,"Carmen Villalobos, Catherine Siachoque, Fabián Ríos, Gregorio Pernía, Kimberly Reyes, Stephanía Duque, Elianis Garrido, Carolina Gaitán, Juan Pablo Urrego, Juan Pablo Gamboa","United States, Colombia","February 25, 2021",2019,TV-MA,1 Season,"Crime TV Shows, International TV Shows, Spanish-Language TV Shows","In Colombia, the DEA's new director targets a gang of dealers pushing a powerful drug while contending with an enemy who possesses a deep network."
s1313,Movie,Monsoon,Hong Khaou,"Henry Golding, Parker Sawyers, Molly Harris, David Tran",United Kingdom,"February 13, 2021",2020,TV-MA,85 min,"Dramas, Independent Movies, LGBTQ Movies",A reflective man must come to terms with his forced displacement from Vietnam when he returns to his birthplace to spread his parents' ashes.
s1324,Movie,Layla Majnun,Monty Tiwa,"Reza Rahadian, Acha Septriasa, Baim Wong, Beby Tsabina, Dian Nitami, Uli Herdinansyah, Natasha Rizki, Eriska Rein, Landung Simatupang, August Melasz, Chantiq Schagerl, Cut Ashifa, Aida Cabiyeva, Murad Ismayil, Nadya Arina, Augie Fantinus, Angelia Livie, Ernanto Kusumo",Indonesia,"February 11, 2021",2020,TV-14,119 min,"Dramas, International Movies, Romantic Movies","While in Azerbaijan, Layla, an Indonesian scholar, falls for Samir, an admirer of her work — but her arranged marriage stands in the way."
s1337,Movie,Blanche Gardin: I talk to myself,Maïa Sandoz,Blanche Gardin,France,"February 5, 2021",2017,TV-MA,88 min,Stand-Up Comedy,"Touching on bulimia, death and cat sodomy, this French actress and comedian is keen to push the envelope in a one-woman show with understated flair."
s1349,TV Show,Firefly Lane,,"Katherine Heigl, Sarah Chalke, Ben Lawson, Beau Garrett, Ali Skovbye, Roan Curtis, Yael Yurman, Jon-Michael Ecker, Brandon Jay McLaren, Paul McGillion, Chelah Horsdal, Brendan Taylor",United States,"February 3, 2021",2021,TV-MA,1 Season,"Romantic TV Shows, TV Dramas",Best friends Tully and Kate support each other through good times and bad with an unbreakable bond that carries them from their teens to their 40s.
s1352,Movie,"Our Lady of San Juan, Four Centuries of Miracles",Noé González,"Alejandro Peña Arenzana, Alejandra Yañez Reynoso, Giuliana Baker, Mauricio López, Antia Nazarely Reynoso, Felipe De Jesus Hernández, Fernanda Michelle Torres",Mexico,"February 2, 2021",2020,TV-PG,123 min,"Dramas, Faith & Spirituality, International Movies","In this dramatization, the Virgin Mary works a miracle on a girl in 1623 Mexico. Four centuries later, a family make a pilgrimage for their own child."
s1373,Movie,June & Kopi,Noviandra Santosa,"Acha Septriasa, Ryan Delon, Makayla Rose Hilli, TJ",Indonesia,"January 28, 2021",2021,TV-PG,90 min,"Children & Family Movies, Dramas, International Movies","A street dog is taken in by a young couple, and the family pit becomes an instant accomplice as she adjusts to her new, loving home."
s1385,TV Show,Busted!,,"Yoo Jae-suk, Ahn Jae-wook, Kim Jong-min, Lee Kwang-soo, Park Min-young, Sehun, Kim Se-jeong",South Korea,"January 22, 2021",2021,TV-14,3 Seasons,"Crime TV Shows, International TV Shows, Korean TV Shows","Tackling different mysteries in each episode of this game show, seven sleuths get closer to solving the biggest one of all: What happened to Project D?"
s1398,Movie,A Monster Calls,J.A. Bayona,"Lewis MacDougall, Sigourney Weaver, Felicity Jones, Liam Neeson, Toby Kebbell, Ben Moor, James Melville, Oliver Steer, Dominic Boyle, Geraldine Chaplin, Jennifer Lim","United Kingdom, Spain, United States","January 16, 2021",2016,PG-13,108 min,"Dramas, Sci-Fi & Fantasy","Overwhelmed by his mother’s illness, a young boy begins to understand human complexity through the fantastic tales of a consoling tree monster."
s1399,Movie,Death of Me,Darren Lynn Bousman,"Maggie Q, Luke Hemsworth, Alex Essoe, Ingkarat Jaraswongkosol, Kelly B. Jones, Caledonia Burr","United States, Thailand","January 16, 2021",2020,R,94 min,Horror Movies,"With no memory of the previous night, a vacationing couple uncovers a disturbing personal video that inexplicably shows one of them killing the other."
s1415,Movie,The Heartbreak Club,"Charles Gozali, Bagus Bramanti","Bhisma Mulia, Denira Wiraguna, Didi Kempot, Sisca JKT48, Erick Estrada, Asri Welas, Mo Sidik, Emil Kusumo, Dede Satria, Rezca Syam",Indonesia,"January 14, 2021",2020,TV-14,101 min,"Comedies, Dramas, International Movies","Coping with heartbreak, the shy owner of a floundering cafe finds solace in the Javanese love songs of Didi Kempot."
s1457,Movie,Into the Wild,Sean Penn,"Emile Hirsch, Marcia Gay Harden, William Hurt, Jena Malone, Brian Dierker, Catherine Keener, Vince Vaughn, Kristen Stewart, Hal Holbrook, Zach Galifianakis",United States,"January 1, 2021",2007,R,148 min,"Action & Adventure, Dramas, Independent Movies",A young man gives up everything – including his trust fund and ties to a seemingly stable family – to lead a solitary life in the wild.
s1484,TV Show,A Love So Beautiful,,"Kim Yo-han, So Joo-yeon, Yeo Hoi-hyun, Jeong Jin-hwan, Jo Hye-joo, Yun Seo-hyun, Cho Ryun, Kim Sung-gon, Seong Hye-min, Park Ji-won",South Korea,"December 28, 2020",2020,TV-PG,1 Season,"International TV Shows, Romantic TV Shows, TV Comedies","Love is as tough as it is sweet for a lovestruck teenager, whose relationship with her next-door neighbor transforms as they grow into adulthood."
s1504,TV Show,Lovestruck in the City,,"Ji Chang-wook, Kim Ji-won, Kim Min-seok, Han Ji-eun, Ryu Gyeong-soo, So Joo-yeon",South Korea,"December 22, 2020",2020,TV-14,1 Season,"International TV Shows, Romantic TV Shows, TV Comedies","Heart stolen by a free-spirited woman after a beachside romance, a passionate architect sets out to reunite with her on the streets of Seoul."
s1507,TV Show,Shaun the Sheep,,"John Sparkes, Justin Fletcher, Kate Harbour, Richard Webber, Jo Allen","United Kingdom, Finland, Germany, United States, Australia, Japan, France, Ireland","December 22, 2020",2016,TV-Y,2 Seasons,"British TV Shows, Kids' TV, TV Comedies","Join freewheeling Shaun for barnyard misadventures with his cousin Timmy, giant sheepdog Bitzer, jealous cat Pidsley and fellow sheep Shirley."
s1514,Movie,Atlas Shrugged: Part II,John Putch,"Samantha Mathis, Jason Beghe, Esai Morales, Patrick Fabian, Kim Rhodes, Richard T. Jones, D.B. Sweeney, Paul McCrane, John Rubinstein, Robert Picardo",United States,"December 19, 2020",2012,PG-13,112 min,Dramas,"With the world's economy in dire straits, corporate protagonist Dagny Taggart searches for a solution amid the rubble of a long-abandoned factory."
s1518,Movie,Ma Rainey's Black Bottom,George C. Wolfe,"Viola Davis, Chadwick Boseman, Glynn Turman, Colman Domingo, Michael Potts, Jonny Coyne, Taylour Paige, Jeremy Shamos, Dusan Brown, Joshua Harto",United States,"December 18, 2020",2020,R,94 min,"Dramas, Music & Musicals","Tensions and temperatures rise at a Chicago music studio in 1927 when fiery, fearless blues singer Ma Rainey joins her band for a recording session."
s1524,Movie,An Unremarkable Christmas,Juan Camilo Pinzon,"Antonio Sanint, Luis Eduardo Arango, María Cecilia Sánchez, Mariana Gómez, Julián Cerati, Aura Cristina Geithener, Biassini Segura, Lina Tejeiro, Julio César Herrera, Christian Villamil",Colombia,"December 17, 2020",2020,TV-14,83 min,"Comedies, Dramas, International Movies",An accountant and aspiring magician invites his boss to spend Christmas with his family — unaware that he's one of Colombia's most-wanted criminals.
s1525,Movie,Braven,Lin Oeding,"Jason Momoa, Garret Dillahunt, Jill Wagner, Stephen Lang, Sasha Rosoff, Sala Baker, Fraser Aitcheson, Teach Grant, Glenn Ennis, Todd Scott, Zahn McClarnon, Brendan Fletcher",Canada,"December 17, 2020",2018,R,94 min,Action & Adventure,A logger defends himself and his family from a group of murderous drug traffickers who have hidden a stash of heroin in his hunting cabin.
s1535,Movie,Bwakaw,Jun Lana,"Eddie Garcia, Princess, Rez Cortez, Bibeth Orteza, Joey Paras, Allan Paule, Beverly Salviejo, Soxy Topacio, Armida Siguion-Reyna, Luz Valdez, Gardo Versoza","Philippines, Canada, United Kingdom, United States","December 16, 2020",2012,TV-MA,110 min,"Dramas, International Movies, LGBTQ Movies","Gruff and alone, retiree Rene rejects most human contact but begins to soften when he comes to terms with his homosexuality."
s1561,Movie,The Prom,Ryan Murphy,"Meryl Streep, James Corden, Nicole Kidman, Kerry Washington, Andrew Rannells, Keegan-Michael Key, Jo Ellen Pellman, Ariana DeBose, Mary Kay Place, Kevin Chamberlin, Tracey Ullman, Logan Riley, Sofia Deler, Nico Greetham, Nathaniel J. Potvin",United States,"December 11, 2020",2020,PG-13,132 min,"Comedies, LGBTQ Movies, Music & Musicals",A group of down-on-their-luck Broadway stars shake up a small Indiana town as they rally behind a teen who just wants to attend prom with her girlfriend.
s1588,TV Show,Detention,"Su I-Hsuan, Chuang Shiang-an, Liu Yi","Li Lingwei, Han Ning, Huang Guanzhi, Jack Yao, Hsia Teng-hung, David Chao, Luo Guanxu, Wu Kunda, Serena Fang, Carol Cheng, Chang Han",Taiwan,"December 5, 2020",2020,TV-MA,1 Season,"International TV Shows, TV Dramas, TV Horror",A tormented student uncovers unsettling secrets at her remote high school as betrayal and a paranormal encounter upend her life.
s1594,TV Show,Kings of Jo'Burg,,"Shona Ferguson, Zolisa Xaluva, Tsholofelo Matshaba, Sello Sebotsane, Buhle Samuels, Thembi Seete, TK Sebothoma, Cindy Mahlangu, Lunathi Mampofu, Abdul Khoza, Connie Ferguson",South Africa,"December 4, 2020",2020,TV-MA,1 Season,"Crime TV Shows, International TV Shows, TV Dramas","The Masire brothers rule Johannesburg's criminal underworld, but a supernatural family curse and a tangled web of betrayal threaten to destroy them."
s1617,Movie,Monster House,Gil Kenan,"Mitchel Musso, Sam Lerner, Spencer Locke, Steve Buscemi, Kathleen Turner, Jason Lee, Jon Heder, Maggie Gyllenhaal, Catherine O'Hara, Fred Willard, Nick Cannon, Kevin James",United States,"December 1, 2020",2006,PG,91 min,"Children & Family Movies, Comedies","A trio of friends sets out to expose the terrors of a vacant neighborhood house, which appears to have a craving for people — and a life of its own."
s1620,TV Show,Oddbods,,"Nadia Ramlee, Chio Su-Ping, Jeremy Linn, Marlon Dance-Hooi","United Kingdom, Singapore","December 1, 2020",2017,TV-Y,1 Season,"Kids' TV, TV Comedies","Seven furry, colorful friends who live in the small town of Oddsville like to play, have adventures and get into all sorts of creative mischief."
s1637,Movie,Dance Dreams: Hot Chocolate Nutcracker,Oliver Bokelberg,Debbie Allen,United States,"November 27, 2020",2020,TV-PG,81 min,"Children & Family Movies, Documentaries","This documentary spotlights Debbie Allen's career and follows her group of dance students as they prepare for Allen's annual ""Hot Chocolate Nutcracker."""
s1641,TV Show,Over Christmas,,"Luke Mockridge, Seyneb Saleh, Cristina do Rego, Lucas Reiber, Johanna Gastdorf, Rudolf Kowalski, Carmen-Maja Antoni, Eugen Bauder, Jonathan Kwesi Aikins, Martina Eitner-Acheampong, Eike Weinreich, Eskindir Tesfay",Germany,"November 27, 2020",2020,TV-MA,1 Season,"International TV Shows, Romantic TV Shows, TV Comedies",Down-and-out musician Bastian battles the blues as he returns home for Christmas and encounters a series of not-so-cheery surprises.
s1655,TV Show,Before 30,BB Sasore,"Damilola Adegbite, O.C. Ukeje, Beverly Naya, Meg Otanwa, Anee Icha, Patrick Diabuah, Tunbosun Aiyedehin, Patrick Doyle",Nigeria,"November 24, 2020",2015,TV-MA,1 Season,"International TV Shows, Romantic TV Shows, TV Comedies","Four female friends in the fast-paced city of Lagos, Nigeria endure public and private pressures to walk down the aisle by the age of 30."
s1662,TV Show,Strongest Deliveryman,,"Ko Kyung-pyo, Chae Soo-bin, Kim Seon-ho, Go Won-hee",South Korea,"November 23, 2020",2017,TV-MA,1 Season,"International TV Shows, Romantic TV Shows, TV Dramas",Two gutsy food delivery workers strive to overcome their socioeconomic disadvantages to achieve big goals – and bump into love along the way.
s1716,TV Show,A Queen Is Born,Carla Barros,"Gloria Groove, Alexia Twister",Brazil,"November 11, 2020",2020,TV-14,1 Season,"International TV Shows, Reality TV",Gloria Groove and Alexia Twister make drag dreams come true as they help six artists find the confidence to own the stage in this makeover show.
s1770,TV Show,Voice,,"Jang Hyuk, Lee Ha-na, Baek Sung-hyun, Ye-sung, Son Eun-seo, Kwon Jae-hwan, Lee Ju-seung, Kim Jae-wook",South Korea,"November 1, 2020",2018,TV-14,2 Seasons,"Crime TV Shows, International TV Shows, Korean TV Shows","A deft detective whose wife is killed by a serial murderer teams up with a rookie cop, a gifted voice profiler dealing with her own father’s murder."
s1774,TV Show,Zumbo's Just Desserts,,"Adriano Zumbo, Rachel Khoo",Australia,"October 31, 2020",2019,TV-PG,1 Season,"International TV Shows, Reality TV","Dessert wizard Adriano Zumbo looks for the next “Willy Wonka” in this tense competition that finds skilled amateurs competing for a $100,000 prize."
s1783,TV Show,Suburra: Blood on Rome,,"Alessandro Borghi, Giacomo Ferrara, Eduardo Valdarnini, Francesco Acquaroli, Filippo Nigro, Claudia Gerini, Adamo Dionisi, Barbara Chichiarelli, Federico Tocci, Gerasimos Skiadaresis, Elisabetta De Palo, Carlotta Antonelli, Renato Marchetti, Paola Sotgiu",Italy,"October 30, 2020",2020,TV-MA,3 Seasons,"Crime TV Shows, International TV Shows, TV Dramas","In 2008, a fight over land in a seaside town near Rome spirals into a deadly battle between organized crime, corrupt politicians and the Vatican."
s1834,Movie,ParaNorman,"Sam Fell, Chris Butler","Kodi Smit-McPhee, Tucker Albrizzi, Anna Kendrick, Casey Affleck, Christopher Mintz-Plasse, Leslie Mann, Jeff Garlin, Elaine Stritch, Bernard Hill, Jodelle Ferland, Tempestt Bledsoe, Alex Borstein, John Goodman",United States,"October 18, 2020",2012,PG,93 min,"Children & Family Movies, Comedies","When an army of zombies invades a small town, it's up to an odd local boy with a knack for communicating with the dead to save the day."
s1835,TV Show,Start-Up,,"Bae Suzy, Nam Joo-hyuk, Kim Seon-ho, Kang Han-na, Kim Do-wan, Yu Su-bin, Stephanie Lee, Kim Hae-sook, Seo Yi-sook, Song Sun-mi",South Korea,"October 18, 2020",2020,TV-14,1 Season,"International TV Shows, Romantic TV Shows, TV Comedies",Young entrepreneurs aspiring to launch virtual dreams into reality compete for success and love in the cutthroat world of Korea's high-tech industry.
s1841,TV Show,Someone Has to Die,Manolo Caro,"Carmen Maura, Cecilia Suárez, Ester Expósito, Ernesto Alterio, Alejandro Speitzer, Isaac Hernández, Carlos Cuevas, Mariola Fuentes, Pilar Castro, Juan Carlos Vellido, Eduardo Casanova, Manuel Morón, Javier Pereira","Mexico, Spain","October 16, 2020",2020,TV-MA,1 Season,"Crime TV Shows, International TV Shows, Spanish-Language TV Shows","In conservative 1950s Spain, the alleged relationship between a young man and a Mexican ballerino creates an uproar of harrowing consequences."
s1853,TV Show,Power Rangers Beast Morphers,,"Rorrie D. Travis, Jazz Baduwalia, Jacqueline Scislowski, Abraham Rodríguez, Teuila Blakely, Kristina Ho, Cosme Flores, Kevin Copeland",United States,"October 15, 2020",2020,TV-Y7,2 Seasons,Kids' TV,A new breed of secret agents must stop a ruthless computer virus and its minions from stealing the unlimited clean energy source that created them.
s1879,TV Show,The 100,,"Eliza Taylor, Paige Turco, Bob Morley, Marie Avgeropoulos, Christopher Larkin, Henry Ian Cusick, Isaiah Washington, Lindsey Morgan, Devon Bostick, Richard Harmon, Ricky Whittle, Jarod Joseph, Chelsey Reist, Sachin Sahel, Adina Porter","United States, Canada","October 8, 2020",2020,TV-MA,7 Seasons,"TV Action & Adventure, TV Dramas, TV Sci-Fi & Fantasy","A century after Earth was devastated by a nuclear apocalypse, 100 space station residents are sent to the planet to determine whether it's habitable."
s1895,TV Show,Emily in Paris,,"Lily Collins, Philippine Leroy-Beaulieu, Ashley Park, Lucas Bravo, Kate Walsh, Samuel Arnold, Bruno Gouery, Camille Razat",United States,"October 2, 2020",2020,TV-MA,1 Season,"Romantic TV Shows, TV Comedies, TV Dramas","After landing her dream job in Paris, Chicago marketing exec Emily Cooper embraces her adventurous new life while juggling work, friends and romance."
s1901,Movie,Vampires vs. the Bronx,Oz Rodriguez,"Jaden Michael, Gerald W. Jones III, Gregory Diaz IV, Sarah Gadon, Method Man, Shea Whigham, Coco Jones, The Kid Mero, Chris Redd, Vladimir Caamaño, Jeremie Harris, Adam David Thompson, Zoe Saldana",United States,"October 2, 2020",2020,PG-13,86 min,"Comedies, Horror Movies",Three gutsy kids from a rapidly gentrifying Bronx neighborhood stumble upon a sinister plot to suck all the life from their beloved community.
s1916,TV Show,Oktoberfest: Beer & Blood,,"Mišel Matičević, Martina Gedeck, Klaus Steinbacher, Mercedes Müller, Maximilian Brückner, Brigitte Hobmeier, Markus Krojer, Martin Feifel, Michael Kranz, Vladimir Burlakov","Germany, Czech Republic","October 1, 2020",2020,TV-MA,1 Season,"International TV Shows, TV Dramas","In 1900 Munich, ambitious brewer Curt Prank uses brutal tactics on his quest to build a beer hall that will dominate the city's lucrative Oktoberfest."
s1917,Movie,Rize,David LaChapelle,"Tommy the Clown, Tight Eyez","United States, United Kingdom","October 1, 2020",2005,PG-13,87 min,"Documentaries, Music & Musicals","This documentary explores ""krumping,"" a fast-paced urban dance, and follows the man that originated the phenomenon in South Central Los Angeles."
s1981,TV Show,The Blacklist,,"James Spader, Megan Boone, Diego Klattenhoff, Ryan Eggold, Harry Lennix, Amir Arison, Hisham Tawfiq, Mozhan Marnò",United States,"September 18, 2020",2019,TV-14,7 Seasons,"Crime TV Shows, TV Dramas, TV Thrillers","After turning himself in, a brilliant fugitive offers to help the FBI bag other baddies, but only if rookie profiler Elizabeth Keen is his partner."
s2053,Movie,"Love, Guaranteed",Mark Steven Johnson,"Rachael Leigh Cook, Damon Wayans Jr., Heather Graham, Caitlin Howden, Brendan Taylor, Sebastian Billingsley-Rodriguez, Sean Amsing, Lisa Durupt, Alvin Sanders, Jed Rees, Kandyse McClure",United States,"September 3, 2020",2020,TV-PG,91 min,"Comedies, Independent Movies, Romantic Movies",Sparks fly when a crusading but cash-strapped attorney takes on a charming client looking to sue a dating site that guarantees its users will find love.
s2061,Movie,Always Be My Maybe,Dan Villegas,"Gerald Anderson, Arci Muñoz, Cacai Bautista, Ricci Chan, Tirso Cruz III, Carlo Aquino, Matt Evans, Ahron Villena, Victor Silayan, TJ Trinidad",Philippines,"September 1, 2020",2016,TV-14,112 min,"International Movies, Romantic Movies","After being unexpectedly dumped by their respective lovers, a man and a woman have a chance meeting at a resort and embark on a unique relationship."
s2075,Movie,Soldier,Abbas Mustan,"Rakhee Gulzar, Bobby Deol, Preity Zinta",India,"September 1, 2020",1998,TV-14,155 min,"Comedies, Dramas, International Movies","On the run from Indian police, a mysterious man escapes to Australia and falls in love with the daughter of an Indian criminal who lives there."
s2077,Movie,The Boss Baby: Get That Baby!,"Dan Forgione, Pete Jacobs, Matt Whitlock","JP Karliak, Pierce Gagnon, Alex Cazares, Kevin Michael Richardson, Flula Borg, Rhys Darby, Wendie Malick, Jake Green",United States,"September 1, 2020",2020,TV-Y7,115 min,"Children & Family Movies, Comedies",Think you've got what it takes to be the boss? This interactive special puts your skills to the test and matches you up with one of 16 jobs at Baby Corp.
s2080,Movie,The Smurfs,Raja Gosnell,"Hank Azaria, Neil Patrick Harris, Jayma Mays, Sofía Vergara, Tim Gunn, Jonathan Winters, Katy Perry, Alan Cumming, Fred Armisen, George Lopez, Anton Yelchin, Kenan Thompson, Jeff Foxworthy, John Oliver, Wolfgang Puck, B.J. Novak, Paul Reubens","United States, Belgium, Canada, France","September 1, 2020",2011,PG,103 min,"Children & Family Movies, Comedies","When evil Gargamel tries to capture them, the Smurfs flee their woodland home, pass through a magic portal and find themselves stranded in New York."
s2131,Movie,Nigerian Prince,Faraday Okoro,"Antonio Bell, Chinaza Uche, Tina Mba, Bimbo Manuel, Toyin Oshinaike, Craig Stott, Ebbe Bassey, Cristabel Goddy, Omar Maskati, Russell G. Jones, Dean Cameron","United States, Nigeria","August 14, 2020",2018,TV-MA,104 min,"Dramas, Independent Movies","When a stubborn American teenager is sent to Nigeria by his mother, his cousin's scamming business becomes a viable option for securing a return flight."
s2135,TV Show,The Great Heist,,"Andrés Parra, Christian Tappan, Marcela Benjumea, Juan Sebastián Calero, Waldo Urrego, Rodrigo Jerez, Katherine Vélez, Paula Castaño, Pedro Suárez, Édgar Vittorino, Ramsés Ramos, Juan Pablo Barragán",Colombia,"August 14, 2020",2020,TV-MA,1 Season,"Crime TV Shows, International TV Shows, Spanish-Language TV Shows","In 1994, a team of thieves plans an ambitious heist to steal millions from Colombia's Bank of the Republic. Inspired by true events."
s2154,TV Show,Sing On! Germany,,Palina Rojinski,Germany,"August 7, 2020",2020,TV-PG,1 Season,"International TV Shows, Reality TV","In this karaoke competition hosted by Palina Rojinski, contestants must hit the right note for a chance to win up to 30,000 euros."
s2177,Movie,Rogue Warfare: The Hunt,Mike Gunther,"Will Yun Lee, Jermaine Love, Rory Markham, Bertrand-Xavier Corbi, Katie Keene, Fernando Chien, Gina DeCesare, Michael Blalock, Chris Mulkey, Stephen Lang",United States,"August 1, 2020",2020,R,104 min,Action & Adventure,"When their leader is captured by an extremist organization, a special forces team stages a perilous rescue mission as time runs out."
s2190,TV Show,Sugar Rush,,"Candace Nelson, Adriano Zumbo, Hunter March",United States,"July 31, 2020",2020,TV-PG,3 Seasons,Reality TV,Time's the most important ingredient as teams race against the clock – and each other – to bake up the best-tasting sweets.
s2193,TV Show,Transformers: War For Cybertron Trilogy,,"Jake Foushee, Jason Marnocha, Linsay Rousseau, Joe Zieja, Frank Todaro, Bill Rogers, Keith Silverstein, Edward Bosco",United States,"July 30, 2020",2020,TV-Y7,1 Season,Anime Series,"As the Autobots and Decepticons ravage their planet in a brutal civil war, two iconic leaders emerge in the Transformers universe's origin story."
s2232,Movie,The Millions,"Toka McBaror, Tunde Apalowo","Ramsey Nouah, Blossom Chukwujekwu, Ayo Makun, Nancy Isime, Ali Nuhu, Folusho Durojaiye, Toyin Abraham, Chika Lann, Broda Shaggi, Etinosa Idemudia",Nigeria,"July 17, 2020",2019,TV-MA,95 min,"Comedies, International Movies","To pull off a massive heist, a charismatic con artist attempts to rob a fortified home with the help of a team he can't completely trust."
s2241,Movie,The Players,Stefano Mordini,"Valerio Mastandrea, Riccardo Scamarcio, Laura Chiatti, Valentina Cervi, Marina Foïs, Euridice Axen, Massimiliano Gallo, Alessia Giuliani",Italy,"July 15, 2020",2020,TV-MA,89 min,"Comedies, International Movies","From campy lies to sexy surprises, this collection of vignettes captures the follies of several men as they fumble with fidelity and relationships."
s2271,Movie,Chashme Baddoor,David Dhawan,"Rishi Kapoor, Ali Zafar, Taapsee Pannu, Siddharth, Divyendu Sharma, Anupam Kher, Bharati Achrekar, Lillete Dubey, Ayaz Khan",India,"July 5, 2020",2013,TV-14,121 min,"Comedies, International Movies, Music & Musicals","When pretty new neighbor Seema falls for their shy roommate Sid, jealous womanizers Omi and Jai plot to break up the new lovebirds."
s2282,Movie,Oh My God,Umesh Shukla,"Akshay Kumar, Paresh Rawal, Mithun Chakraborty, Om Puri, Apoorva Arora, Arun Bali, Honey Chaaya, Poonam Jhawer, Mahesh Manjrekar, Govind Namdeo",India,"July 5, 2020",2012,TV-PG,129 min,"Comedies, Dramas, International Movies",Mumbai shopkeeper Kanji Bhai files a lawsuit against God when an earthquake destroys his store and his insurance policy won't cover the damage.
s2303,Movie,Thiago Ventura: POKAS,"Fabio Ock, Joana Mazzucchelli",Thiago Ventura,Brazil,"July 2, 2020",2020,TV-MA,82 min,Stand-Up Comedy,"In a rollicking special, Thiago Ventura jokes about life in the hood, social issues and more, explaining how actions speak louder than words."
s2325,Movie,#FriendButMarried 2,Rako Prijanto,"Adipati Dolken, Mawar de Jongh, Sari Nila, Vonny Cornellya, Clay Gribble, Ivan Leonardy, Sarah Sechan, Jourdy Pranata",Indonesia,"June 28, 2020",2020,TV-G,104 min,"Dramas, International Movies, Romantic Movies","As Ayu and Ditto finally transition from best friends to newlyweds, a quick pregnancy creates uncertainty for the future of their young marriage."
s2348,Movie,Kappela,Musthafa,"Anna Ben, Roshan Mathew, Sreenath Bhasi, Sudhi Koppa, Tanvi Ram, Musthafa, James Eliya, Vijilesh",India,"June 22, 2020",2020,TV-14,112 min,"Dramas, Independent Movies, International Movies","Falling into an over-the-phone romance with a rickshaw driver, a young woman visits his city when an encounter with a stranger derails their meeting."
s2420,Movie,Big Stone Gap,Adriana Trigiani,"Ashley Judd, Patrick Wilson, Whoopi Goldberg, John Benjamin Hickey, Jane Krakowski, Judith Ivey, Jasmine Guy, Chris Sarandon, Anthony LaPaglia, Jenna Elfman, Angelina Fiordellisi, Mary Testa, Dagmara Dominczyk, Mary Pat Gleason, Joe Inscoe, James Hampton, Paul Wilson",United States,"June 5, 2020",2014,PG-13,103 min,"Comedies, Romantic Movies",A single middle-aged woman who has lived her whole life in a small Virginia mining town uncovers a family secret that alters her profoundly.
s2431,Movie,Lady Bird,Greta Gerwig,"Saoirse Ronan, Laurie Metcalf, Tracy Letts, Lucas Hedges, Timothée Chalamet, Beanie Feldstein, Lois Smith, Stephen Henderson, Odeya Rush, Jordan Rodrigues",United States,"June 3, 2020",2017,R,94 min,"Comedies, Dramas, Independent Movies","An intrepid high schooler in Sacramento undergoes the trials of love, family and self-discovery as she dreams of escaping to college on the East Coast."
s2443,Movie,X Large,Sherif Arafa,"Ahmed Helmy, Donia Samir Ghanim, Ibrahim Nasr, Yasmin Raeis, Saeed Tarabeek",Egypt,"June 2, 2020",2011,TV-14,135 min,"Comedies, International Movies, Romantic Movies","After he is rejected by the woman he loves and obesity-related issues kill his uncle, a lonely, overweight artist undergoes a major transformation."
s2445,TV Show,Cardcaptor Sakura,,"Miwa Matsumoto, Motoko Kumai, Nozomu Sasaki, Hideyuki Tanaka, Junko Iwao, Emi Motoi, Yukana, Aya Hisakawa, Katsuyuki Konishi, Emi Shinohara, Sakura Tange, Ryoka Yuzuki, Minako Kotobuki, Yumi Toma, Natsuki Hanae, Issei Miyazaki, Tomokazu Seki, Kazuo Hayashi, Masaya Onosaka, Minori Suzuki, Megumi Ogata",Japan,"June 1, 2020",1999,TV-Y7,2 Seasons,"Anime Series, International TV Shows","After a young girl breaks the seal of a magical book, releasing the spirits of the cards inside, she must become a ""Cardcaptor"" and retrieve them."
s2449,Movie,Kalek Shanab,Hani Al-Shaibani,"Saad Abdullah, Mohamed Alkendi, Ammar Rahma, Maria Khan, Msabeh Bin Hashim, Hani Abd Al Ghani, Zayed Mohammed Mahmoud, Khaled Abdullah",United Arab Emirates,"June 1, 2020",2019,TV-PG,80 min,"Comedies, International Movies","After a wild night of partying on the town, three buddies wake up to discover they've caused a whole mess of trouble — but can't remember how."
s2470,Movie,Ne Zha,Yu Yang,"Lü Yanting, Joseph, Han Mo, Chen Hao, Lü Qi, Zhang Jiaming, Yang Wei",China,"May 25, 2020",2019,TV-14,110 min,"Action & Adventure, Comedies, International Movies","Bound by a divine mandate, rebellious outcast Ne Zha grapples with his formidable powers and a destiny that would imperil his loved ones."
s2475,Movie,One Day We'll Talk About Today,Angga Dwimas Sasongko,"Rachel Amanda, Rio Dewanto, Shelia Dara, Donny Damara, Susan Bachtiar, Oka Antara, Niken Anjani, Ardhito Pramono",Indonesia,"May 23, 2020",2020,TV-G,128 min,"Dramas, International Movies","Harboring a deep secret, a seemingly happy family confronts the trauma of years past as a clash between generations threatens to separate them."
s2501,Movie,What Are the Odds?,Megha Ramaswamy,"Yashaswini Dayama, Karanvir Malhotra, Abhay Deol, Priyanka Bose, Monica Dogra, Sulabha Arya, Manu Rishi Chadha, Ananya Melkote",India,"May 20, 2020",2020,TV-MA,92 min,"Comedies, Dramas, Independent Movies","When two unlikely friends play hooky from school, accidental encounters and otherworldly events turn their day into a whimsical coming-of-age journey."
s2503,Movie,Escaping Tel Aviv,Sherif Arafa,"Karim Abdel Aziz, Mona Zaki, Sherif Mounir, Entsar, Salem Klass, Sabri Abdulmonem, Kinda Alloush, Yasser Ali Maher, Kamal Suliman, Jerjes Jbara",Egypt,"May 19, 2020",2009,TV-14,120 min,"Action & Adventure, International Movies","After her husband reveals he's an undercover Mossad agent, an Egyptian woman and their children are taken to Israel, prompting an urgent rescue mission."
s2509,TV Show,Sweet Magnolias,,"JoAnna Garcia Swisher, Brooke Elliott, Heather Headley, Chris Klein, Justin Bruening, Logan Allen, Anneliese Judge, Carson Rowland, Jamie Lynn Spears, Dion Johnstone",United States,"May 19, 2020",2020,TV-14,1 Season,"Romantic TV Shows, TV Dramas","Lifelong friends Maddie, Helen and Dana Sue lift each other up as they juggle relationships, family and careers in the small, Southern town of Serenity."
s2518,TV Show,Boys Over Flowers,,"Ku Hye-sun, Lee Min-ho, Kim Hyun-joong, Kim Bum, Kim Joon, Kim So-eun, Lee Hye-yeong, Park Ji-bin, Lim Ye-jin, Jeong Ho-bin",South Korea,"May 16, 2020",2009,TV-14,1 Season,"International TV Shows, Korean TV Shows, Romantic TV Shows",Unassuming high school girl Jan-di stands up to – and eventually falls for – a spoiled rich kid who belongs to the school's most powerful clique.
s2524,TV Show,Madam Secretary,,"Téa Leoni, Tim Daly, Bebe Neuwirth, Zeljko Ivanek, Erich Bergen, Patina Miller, Geoffrey Arend, Kathrine Herzer, Evan Roe, Wallis Currie-Wood",United States,"May 15, 2020",2019,TV-PG,6 Seasons,TV Dramas,"When a highly capable woman becomes secretary of state, she struggles to find balance between the demands of world politics and those of her family."
s2546,Movie,Andaz Apna Apna,Rajkumar Santoshi,"Aamir Khan, Salman Khan, Raveena Tandon, Karisma Kapoor, Paresh Rawal, Mehmood, Deven Verma, Jagdeep, Shakti Kapoor",India,"May 11, 2020",1994,TV-14,160 min,"Action & Adventure, Comedies, Cult Movies","Broke and with no concrete plans for the future, two young men discover that a stunning heiress lives nearby and try to charm her into marriage."
s2579,Movie,Get In,Olivier Abbou,"Adama Niane, Stéphane Caillard, Paul Hamy, Eddy Leduc, Hubert Delattre, Matthieu Kacou, Charlotte Geiger, Christopher Fataki","France, Belgium","May 1, 2020",2019,TV-MA,98 min,"International Movies, Thrillers","When he returns from vacation and finds his home occupied by squatters, a family man is caught in a conflict that escalates to terrifying heights."
s2587,TV Show,Monthly Girls' Nozaki Kun,,"Yuichi Nakamura, Ari Ozawa, Nobuhiko Okamoto, Yuki Ono, Ryohei Kimura, Mai Nakahara, Miyuki Sawashiro, Mamoru Miyano, Marie Miyake, Ayako Kawasumi, Kenta Miyake, Daisuke Ono",Japan,"May 1, 2020",2014,TV-PG,1 Season,"Anime Series, Romantic TV Shows",Art imitates life when Chiyo discovers her crush is a famous artist who wants to use their budding relationship as inspiration for his romantic manga.
s2631,Movie,Bittersweet,Khaled Marei,"Ahmed Helmy, Lotfy Labib, Edward, Enaam Salousa",Egypt,"April 25, 2020",2010,TV-MA,132 min,"Comedies, Dramas, International Movies","After 20 years abroad, a photographer returns to his birth country of Egypt and gets stranded without identification in a now unfamiliar culture."
s2636,Movie,The Dealer,Ahmed Saleh,"Ahmed El Sakka, Khaled El Nabawy, Mai Selim, Nedal El Shafey, Boris Abramov, Selami Şahin",Egypt,"April 25, 2020",2010,TV-14,124 min,"Action & Adventure, International Movies","Separated by distance and circumstance, two bitter rivals cross paths when the perils of the drug trade unexpectedly unite them."
s2660,TV Show,Middleditch & Schwartz,Ryan Polito,"Thomas Middleditch, Ben Schwartz",United States,"April 21, 2020",2020,TV-MA,1 Season,TV Comedies,Comedy duo Thomas Middleditch and Ben Schwartz turn small ideas into epically funny stories in this series of completely improvised comedy specials.
s2662,TV Show,Cooked with Cannabis,,"Kelis, Leather Storrs",United States,"April 20, 2020",2020,TV-MA,1 Season,Reality TV,"Chefs compete to get the hosts and special guests high on elevated cannabis cuisine with their artful use of leafy herb, THC infusions and CBD sauces."
s2664,Movie,Varane Avashyamund,Anoop Sathyan,"Shobana, Suresh Gopi, Dulquer Salmaan, Kalyani Priyadarshan, K.P.A.C. Lalitha, Sarvajith Santosh Sivan, Urvashi, Johny Antony, Lalu Alex, Lal Jose",India,"April 20, 2020",2020,TV-14,144 min,"Comedies, Dramas, International Movies","At an apartment complex, the lives of a mother, a daughter seeking an arranged marriage, a military retiree and a young man become intertwined."
s2674,Movie,The Legacy of the Bones,Fernando González Molina,"Marta Etura, Carlos Librado ""Nene"", Leonardo Sbaraglia, Francesc Orella, Imanol Arias, Benn Northover, Itziar Aizpuru, Patricia López Arnaiz, Alicia Sánchez, Eduardo Rosa","Spain, Germany","April 17, 2020",2019,TV-MA,121 min,"International Movies, Thrillers","A year after solving a series of murders, detective Amaia is faced with a related mystery in the Baztán Valley that ends up hitting very close to home."
s2677,TV Show,Fauda,,"Lior Raz, Hisham Suliman, Shadi Mar'i, Laëtitia Eïdo, Tsahi Halevi, Yuval Segal, Neta Garty, Tomer Kapon, Itzik Cohen, Rona-Lee Shim'on, Boaz Konforty, Doron Ben-David",Israel,"April 16, 2020",2020,TV-MA,3 Seasons,"Crime TV Shows, International TV Shows, TV Action & Adventure","A top Israeli agent comes out of retirement to hunt for a Palestinian militant he thought he'd killed, setting a chaotic chain of events into motion."
s2695,Movie,School Life,"Grand Corps Malade, Mehdi Idir","Zita Hanrot, Liam Pierron, Soufiane Guerrab, Ibrahim Dramé, Moussa Mansaly, Moryfère Camara, Alban Ivanov, Gaspard Gévin-Hié, Antoine Reinartz, Mahamadou Sangaré, Redouane Bougheraba, Hocine Mokando, Aboudou Sacko",France,"April 10, 2020",2019,TV-MA,112 min,"Comedies, Dramas, International Movies","In one of the poorest areas of Paris, a school counselor devotes herself to working with disadvantaged students, while facing challenges of her own."
s2756,Movie,Indian Horse,Stephen S. Campanelli,"Sladen Peltier, Forrest Goodluck, Ajuawak Kapashesit, Martin Donovan, Michael Murphy, Michiel Huisman, Edna Manitowabi, Michael Lawrenchuk, Will Strongheart, Tristen Marty-Pahtaykan, Vance Banzo",Canada,"March 31, 2020",2017,TV-MA,101 min,"Dramas, Independent Movies, Sports Movies","Stripped of his heritage at a residential school, an indigenous student finds refuge on the rink when he discovers a passion for hockey."
s2794,TV Show,The English Game,,"Edward Holcroft, Kevin Guthrie, Charlotte Hope, Niamh Walsh, Craig Parkinson, James Harkness, Ben Batt, Gerard Kearns, Henry Lloyd-Hughes",United Kingdom,"March 20, 2020",2020,TV-14,1 Season,"British TV Shows, International TV Shows, TV Dramas",Two 19th-century footballers on opposite sides of a class divide navigate professional and personal turmoil to change the game — and England — forever.
s2797,Movie,Ultras,Francesco Lettieri,"Aniello Arena, Antonia Truppo, Ciro Nacca, Simone Borelli, Daniele Vicorito, Salvatore Pelliccia",Italy,"March 20, 2020",2020,TV-MA,109 min,"Dramas, International Movies, Sports Movies",An aging soccer fanatic faces down the reality of his past while struggling to give himself and a young follower very different futures.
s2817,TV Show,100 Humans,,"Zainab Johnson, Sammy Obeid, Alie Ward",United States,"March 13, 2020",2020,TV-14,1 Season,"Docuseries, Science & Nature TV","One hundred hardy souls from diverse backgrounds participate in playful experiments exploring age, sex, happiness and other aspects of being human."
s2839,TV Show,Ugly Delicious,,"David Chang, Peter Meehan",United States,"March 6, 2020",2020,TV-MA,2 Seasons,Docuseries,"All the flavor. None of the BS. Star chef David Chang leads friends on a mouthwatering, cross-cultural hunt for the world's most satisfying grub."
s2889,TV Show,"Hi Bye, Mama!",,"Kim Tae-hee, Lee Kyoo-hyung, Go Bo-gyeol, Shin Dong-mi, Seo Woo-jin, Lee Si-woo, Oh Eui-sik, Ahn Nae-sang, Kim Mee-kyeong, Park Su-young, Kim Mi-su, Yoon Sa-bong",South Korea,"February 23, 2020",2020,TV-14,1 Season,"International TV Shows, Korean TV Shows, Romantic TV Shows","When the ghost of a woman gains a second chance at life for 49 days, she reappears in front of her remarried husband and young daughter."
s2905,Movie,Miss Virginia,R.J. Daniel Hanna,"Uzo Aduba, Matthew Modine, Aunjanue Ellis, Niles Fitch, Amirah Vann, Nadji Jeter, Michael Beasley, Adina Porter, Vanessa Williams",United States,"February 16, 2020",2019,TV-MA,102 min,"Dramas, Independent Movies","Determined to give her son a private school education, a single mother in the inner city uses all her resources to try to effect change in the system."
s2908,Movie,Term Life,Peter Billingsley,"Vince Vaughn, Hailee Steinfeld, Jonathan Banks, Bill Paxton, Mike Epps, Jordi Mollà, William Levy, Jon Favreau, Taraji P. Henson, Shea Whigham, Cain Velasquez",United States,"February 16, 2020",2016,R,93 min,"Dramas, Thrillers","After a botched job, a heist mastermind must run from gangsters and stay alive long enough for his daughter to benefit from his life insurance policy."
s2950,Movie,Uppity: The Willy T. Ribbs Story,"Nate Adams, Adam Carolla",Willy T. Ribbs,United States,"February 5, 2020",2020,TV-MA,106 min,"Documentaries, Sports Movies","This documentary profiles a defiant driver who challenged racial barriers in American auto racing, becoming the first black man to race in the Indy 500."
s2960,TV Show,Itaewon Class,,"Park Seo-joon, Kim Da-mi, Yu Jae-myeong, Kwon Na-ra, Kim Dong-hee, Ahn Bo-hyun, Kim Hye-eun, Ryu Gyeong-su, Lee Joo-young, Chris Lyon",South Korea,"February 1, 2020",2020,TV-MA,1 Season,"International TV Shows, Korean TV Shows, TV Dramas","In a colorful Seoul neighborhood, an ex-con and his friends fight a mighty foe to make their ambitious dreams for their street bar a reality."
s2965,Movie,Night on Earth: Shot in the Dark,,Samira Wiley,United Kingdom,"February 1, 2020",2020,TV-PG,59 min,Movies,"This look behind the scenes shows how worldwide camera crews climbed, dived and froze to capture the documentary's groundbreaking night footage."
s2971,Movie,37 Seconds,Hikari,"Mei Kayama, Misuzu Kanno, Shunsuke Daitoh, Makiko Watanabe, Yoshihiko Kumashino, Minori Hagiwara, Shohei Uno, Yuka Itaya, Kiyohiko Shibukawa, Eita Okuno, Haruka Imou, Toshinori Omi",Japan,"January 31, 2020",2020,TV-MA,116 min,"Dramas, International Movies","Trapped by society and familial obligations, a young manga artist goes on an unconventional journey for sexual freedom and personal liberation."
s2975,TV Show,Luna Nera,,"Antonia Fotaras, Giorgio Belli, Manuela Mandracchia, Roberto De Francesco, Federica Fracassi, Lucrezia Guidone, Adalgisa Manfrida, Giada Gagliardi, Giandomenico Cupaiuolo, Gloria Carovana, Filippo Scotti",Italy,"January 31, 2020",2020,TV-MA,1 Season,"International TV Shows, Romantic TV Shows, TV Dramas","In 17th-century Italy, a teenager learns about her destiny among a family of witches, just as her boyfriend's father hunts her down for witchcraft."
s2977,TV Show,Unauthorized Living,,"José Coronado, Álex González, Claudia Traisac, Luís Zahera, Pilar Castro, Àlex Monner, Giulia Charm, Unax Ugalde, Ricardo Gómez, Ledicia Sola, Leonor Watling, Patrick Criado, Xabier Deive, Camila Bossa, María Guinea, Édgar Vittorino, Javier Abad, Daniel Currás, Mercedes Castro, Paula Morado, Paula Pier, Carmela Martins, Denis Gómez, Miguel Borines, Ana Villagrasa, Xavier Estévez, Carlos Hipólito",Spain,"January 31, 2020",2020,TV-MA,2 Seasons,"Crime TV Shows, International TV Shows, Spanish-Language TV Shows","When a Galician shipper and drug lord hiding his Alzheimer's disease plans to retire, his second-in-command plots to steal the empire from the heir."
s3006,TV Show,DreamWorks How to Train Your Dragon Legends,,"Jay Baruchel, Craig Ferguson, America Ferrera, Gerard Butler",United States,"January 20, 2020",2011,TV-PG,1 Season,"Kids' TV, TV Action & Adventure, TV Sci-Fi & Fantasy","In this set of shorts, Hiccup and the gang learn about different species of dragons. Then, Gobber goes in search of the Boneknapper Dragon."
s3041,TV Show,Until Dawn,,"Ahmed Sylla, Alban Ivanov, Ornella Fleury, Natoo, Carlito, Mcfly, Djimo, Lola Dubini, Noom Diawara, Tania Dutel, Hakim Jemili, Jason Brokerss, Bérengère Krief, Thomas Vandenberghe, Monsieur Poulpe, Jhon Rachid, Audrey Pirault, Jeanfi Janssens, Fadily Camara, Laurie Peret, Issa Doumbia, Anne-Sophie Girard, Elhadj Gaye, Guillaume Bats",France,"January 10, 2020",2020,TV-MA,1 Season,"International TV Shows, Reality TV, TV Comedies",France’s funniest comics carry out ghastly tasks as they try to outlast – and outwit – one another while overnighting in haunted locations.
s3071,Movie,Posesif,Edwin,"Putri Marino, Adipati Dolken, Gritte Agatha, Chicco Kurniawan, Yayu Unru, Cut Mini Theo, Ismail Basbeth, Maulidina K. Putri",Indonesia,"January 1, 2020",2017,TV-MA,102 min,"Dramas, International Movies, Romantic Movies",A student diver risks her scholastic future and relationship with her father when she dates a moody transfer student consumed by their romance.
s3090,Movie,Hot Gimmick: Girl Meets Boy,Yuki Yamato,"Miona Hori, Hiroya Shimizu, Shotaro Mamiya, Mizuki Itagaki, Hiyori Sakurada, Kaisei Kamimura, Ai Yoshikawa, Ryohei Shima, Asuka Kurosawa, Kazuya Takahashi, Takashi Sorimachi, Riho Yoshioka",Japan,"December 28, 2019",2019,TV-MA,120 min,"Dramas, International Movies","A quiet teen's life is shaken up when she's forced to be her arrogant neighbor's slave. He loves her, but they both have a lot to learn about trust."
s3156,Movie,The 9th Precinct,Ding-Lin Wang,"Roy Chiu, Chia-Chia Peng, Wen Chen-ling, Eugenie Liu, Yeo Yann Yann",Taiwan,"December 13, 2019",2019,TV-MA,95 min,"International Movies, Thrillers",An idealistic cop joins an underground police unit and battles ghoulish forces threatening the balance between the human and the supernatural realms.
s3159,Movie,The Sky Is Pink,Shonali Bose,"Rohit Saraf, Zaira Wasim, Farhan Akhtar, Priyanka Chopra","India, United Kingdom, Canada, United States","December 11, 2019",2019,TV-MA,143 min,"Dramas, International Movies","After succumbing to her terminal illness, a teenager posthumously narrates her parents’ tenacious relationship in this drama based on a true story."
s3187,Movie,Tiffany Haddish: Black Mitzvah,Linda Mendoza,Tiffany Haddish,United States,"December 3, 2019",2019,TV-MA,56 min,Stand-Up Comedy,"On her 40th birthday, Tiffany Haddish drops a bombastic special studded with singing, dancing and raunchy reflections on her long road to womanhood."
s3194,Movie,High End Yaariyan,Pankaj Batra,"Ninja, Ranjit Bawa, Jassi Gill, Musskan Sethi, Navneet Kaur Dhillon, Neet Mahal, Aarushi Sharma",India,"December 1, 2019",2019,TV-14,120 min,"Comedies, International Movies, Romantic Movies","From romantic pursuits to their friendship, a trio of young men navigate the complexities of relationships while sharing a London apartment."
s3198,Movie,Mahi NRI,Gaurav Bavdankar,"Harrdy Sandhu, Poppy Jabbal, Rameet Kaur, B.N. Sharma, Navneet Nishan, Gurpreet Guggi, Anjum Batra, Ranjan Sehgal",United Kingdom,"December 1, 2019",2017,TV-14,134 min,"Comedies, Dramas, International Movies","A Punjabi man attempts to build a life in London in hopes of impressing his girlfriend’s mother, who insists her daughter marry a man outside of India."
s3210,Movie,Crazy people,Moses Inwang,"Ramsey Nouah, Chigul, Sola Sobowale, Ireti Doyle, Ben Touitou, Francis Onwochei, Ememobong Nkana, Emem Inwang, Patrick Onyeke",Nigeria,"November 29, 2019",2018,TV-MA,107 min,"Comedies, International Movies, Thrillers",Nollywood star Ramsey Nouah learns that someone is impersonating him and breaks out of a mental institution to expose the imposter.
s3215,Movie,Payday,Cheta Chukwu,"Baaj Adebule, Ebiye Victor, Meg Otanwa, Bisola Aiyeola, Mawuli Gavor, Zack Orji, Segilola Ogidan",Nigeria,"November 29, 2019",2018,TV-MA,110 min,"Comedies, Independent Movies, International Movies","After an expensive night out, two flatmates get tangled in an overnight misadventure to recover their rent money to pay their dead landlord's daughter."
s3231,TV Show,The Crime,,"Magdalena Boczarska, Wojciech Zieliński, Joanna Kulig, Radosław Pazura, Magdalena Zawadzka, Dorota Kolak, Zdzislaw Wardejn, Małgorzata Rożniatowska, Aleksandra Popławska, Lukasz Nowicki, Tamara Arciuch, Rafał Cieszyński, Karolina Kominek",Poland,"November 26, 2019",2015,TV-MA,2 Seasons,"Crime TV Shows, International TV Shows, TV Dramas",The peaceful lives of the residents inhabiting a breathtaking seaside town are shaken following a series of macabre crimes.
s3252,Movie,Dorasaani,KVR Mahendra,"Anand Deverakonda, Shivatmika Rajasekhar, Kannada Kishore",India,"November 20, 2019",2019,TV-14,134 min,"Dramas, International Movies, Romantic Movies",A village landlord's daughter and an educated commoner must decide if their budding forbidden love is worth resisting a repressive social hierarchy.
s3269,Movie,House Arrest,"Shashanka Ghosh, Samit Basu","Ali Fazal, Shriya Pilgaonkar, Jim Sarbh, Barkha Singh, Badrul Islam, Sunil Kumar",India,"November 15, 2019",2019,TV-14,105 min,"Comedies, Independent Movies, International Movies",A world-weary man’s self-imposed home confinement becomes a comedy of errors with the simultaneous arrivals of a peculiar package and a curious journalist.
s3276,TV Show,Llama Llama,,"Jennifer Garner, Shayle Simons, Vania Gill, Islie Hirvonen, Brendon Sunderland, Austin Abell, Evans Johnson, Kathleen Barr, David Hoole",United States,"November 15, 2019",2019,TV-Y,2 Seasons,Kids' TV,"Beloved children's book character Llama Llama springs to life in this heartwarming series about family, friendship and learning new things."
s3309,Movie,Tune in for Love,Jung Ji-woo,"Kim Go-eun, Jung Hae-in, Park Hae-joon, Kim Guk-hee, Jung Eugene, Choi Jun-young, Yoo Yeol, Nam Mun-cheol",South Korea,"November 5, 2019",2019,TV-MA,123 min,"Dramas, International Movies, Romantic Movies","A student and a reticent teen first meet at a bakery in the 1990s and try to find each other through the years, as fate keeps pulling them apart."
s3337,TV Show,Haikyu!!,,"Ayumu Murase, Kaito Ishikawa, Satoshi Hino, Miyu Irino, Yu Hayashi, Koki Uchiyama, Soma Saito, Nobuhiko Okamoto, Yoshimasa Hosoya, Toshiki Masuda, Kaori Nazuka, Hiroshi Kamiya, Kazunari Tanaka, Daisuke Namikawa, Hiroyuki Yoshino, Sumire Morohoshi, Yuichi Nakamura, Yuki Kaji, Shinnosuke Tachibana, Mark Ishii, Ryohei Kimura, Ryota Takeuchi, Hisao Egawa, Subaru Kimura",Japan,"November 1, 2019",2015,TV-14,2 Seasons,"Anime Series, International TV Shows, Teen TV Shows","Inspired by a championship match he sees on TV, junior high schooler Hinata joins a volleyball club and begins training, despite his short height."
s3343,TV Show,Queer Eye: We're in Japan!,,"Bobby Berk, Karamo Brown, Tan France, Antoni Porowski, Jonathan Van Ness, Kiko Mizuhara","United States, Japan","November 1, 2019",2019,TV-14,1 Season,"International TV Shows, Reality TV","The Fab Five touch down in Tokyo to spread the joy, explore the culture, and help four Japanese men and women find the confidence to be themselves."
s3372,Movie,Consequences,Ozan Açıktan,"Nehir Erdoğan, Tardu Flordun, İlker Kaleli, Serkan Keskin, Esra Bezen Bilgin, Aytaç Uşun, Cem Özeren, Caner Arçkan",Turkey,"October 25, 2019",2014,TV-MA,106 min,"Dramas, International Movies, Thrillers",Secrets bubble to the surface after a sensual encounter and an unforeseen crime entangle two friends and a woman caught between them.
s3451,Movie,In the Tall Grass,Vincenzo Natali,"Patrick Wilson, Laysla De Oliveira, Avery Whitted, Harrison Gilbertson, Rachel Wilson, Will Buie Jr.","Canada, United States","October 4, 2019",2019,TV-MA,102 min,"Horror Movies, Thrillers","After hearing a boy's cry for help, a pregnant woman and her brother wade into a vast field of grass, only to discover there may be no way out."
s3464,TV Show,College Romance,,"Manjot Singh, Apoorva Arora, Keshav Sadhna, Shreya Mehta, Hira Ashar, Gagan Arora",India,"October 1, 2019",2018,TV-MA,1 Season,"International TV Shows, Romantic TV Shows, TV Comedies","Three best friends look for love, laughs and some lifelong memories while attending college together."
s3489,TV Show,The Inmate,,"Ignacio Serricchio, Ana Claudia Talancón, Flavio Medina, Luis Felipe Tovar, Mariana Seoane, Guy Ecker, Isabella Castillo, Bradley Stryker, Gustavo Sánchez Parra, Leonardo Ortizgris, Alejandro Calva, Rodrigo Oviedo, Ramón Medína, Erik Hayser, Tiaré Scanda",Mexico,"September 26, 2019",2018,TV-MA,1 Season,"Crime TV Shows, International TV Shows, Spanish-Language TV Shows",A former Marine poses as an inmate inside a Mexican prison in order to infiltrate a gang suspected of kidnapping a U.S. judge's teen daughter.
s3509,Movie,True: Tricky Treat Day,,"Michela Luci, Jamie Watson, Eric Peterson, Anna Claire Bartlam, Nicolas Aqui, Cory Doran, Julie Lemieux, Derek McGrath",Canada,"September 20, 2019",2019,TV-Y,24 min,Children & Family Movies,It's up to True and her friends to save the day when a hungry Yeti sneaks a forbidden treat and fills the kingdom with Howling Greenies.
s3515,Movie,Steal a Pencil for Me,Michèle Ohayon,"Jack Polak, Ina Soep",United States,"September 15, 2019",2006,TV-14,94 min,Documentaries,This moving documentary chronicles the unshakeable romance between a couple who met and fell in love while imprisoned in a Nazi concentration camp.
s3546,Movie,Uncle Naji in UAE,Ahmed Zain,"Ibrahim Almeirasi, Ahmed Saif, Alia Almannai, Mohamed Morshed, Mohamed Alkendi, Tariq Almuhairi",United Arab Emirates,"September 1, 2019",2019,TV-14,95 min,"Comedies, International Movies","Two young Yemeni business partners decide to go on vacation in the UAE with a few local friends, but their fun trip soon turns terrifying."
s3561,Movie,Drink Drank Drunk,Yeung Yat-Tak,"Carlos Chan, Ken Hung, Deep Ng, Michelle Wai, Yee Tong, Felix Lok, Kin-Yan Lee",Hong Kong,"August 24, 2019",2016,TV-MA,92 min,"Comedies, International Movies","Too hungover to report as a witness in a criminal trial the day after his birthday party, a young man and his pals do some unexpected soul-searching."
s3572,TV Show,Hyperdrive,,"Rutledge Wood, Mike Hill, Michael Bisping, Lindsay Czarniak",United States,"August 21, 2019",2019,TV-PG,1 Season,Reality TV,"Elite street racers from around the world test their limits in supercharged custom cars on the biggest, baddest automotive obstacle course ever built."
s3590,TV Show,Sacred Games,"Vikramaditya Motwane, Anurag Kashyap","Saif Ali Khan, Nawazuddin Siddiqui, Radhika Apte, Neeraj Kabi, Jitendra Joshi","India, United States","August 15, 2019",2019,TV-MA,2 Seasons,"Crime TV Shows, International TV Shows, TV Dramas","A link in their pasts leads an honest cop to a fugitive gang boss, whose cryptic warning spurs the officer on a quest to save Mumbai from cataclysm."
s3635,Movie,The Red Sea Diving Resort,Gideon Raff,"Chris Evans, Michael Kenneth Williams, Haley Bennett, Alessandro Nivola, Michiel Huisman, Alex Hassell, Mark Ivanir, Chris Chalk, Greg Kinnear, Ben Kingsley",Canada,"July 31, 2019",2019,TV-MA,130 min,"Dramas, Thrillers",Undercover agents open up a fake hotel to real tourists as a cover to help smuggle thousands of Ethiopian refugees to safety. Inspired by true events.
s3654,TV Show,Comedians in Cars Getting Coffee,Jerry Seinfeld,Jerry Seinfeld,United States,"July 19, 2019",2019,TV-14,6 Seasons,"Stand-Up Comedy & Talk Shows, TV Comedies","Jerry Seinfeld's roving talk show combines coffee, laughs and vintage cars into quirky, caffeine-fueled adventures with the sharpest minds in comedy."
s3671,Movie,Cities of Last Things,Wi Ding Ho,"Jack Kao, Lee Hong-chi, Louise Grinberg, Huang Lu, Ding Ning","Taiwan, China, France, United States","July 12, 2019",2018,TV-MA,106 min,"Dramas, Independent Movies, International Movies","In a dystopian tale unfolding in reverse chronology, a man with a complicated past takes revenge on the individuals who wronged him decades ago."
s3742,TV Show,Puella Magi Madoka Magica,,"Aoi Yuki, Chiwa Saito, Kaori Mizuhashi, Eri Kitamura, Emiri Kato, Ai Nonaka",Japan,"June 15, 2019",2011,TV-14,1 Season,"Anime Series, International TV Shows","One day, Madoka Kaname has a very magical encounter, one that can change her destiny. This is the beginning of the new story of magical witch girls."
s3769,Movie,Stree,Amar Kaushik,"Rajkummar Rao, Shraddha Kapoor, Pankaj Tripathi, Aparshakti Khurana, Abhishek Banerjee, Atul Srivastava",India,"June 7, 2019",2018,TV-MA,127 min,"Comedies, Horror Movies, Independent Movies","Once a year, men in a small town fear abduction by an eccentric female spirit. A young tailor dismisses the idea of the ghost – until he falls for her."
s3856,TV Show,The Writer,,"Bassel Khayyat, Daniella Rahme, Nada Abou Farhat, Nicolas Daniel, Gabriel Yammine",Lebanon,"May 7, 2019",2019,TV-14,1 Season,"Crime TV Shows, International TV Shows, TV Dramas","When accused of a murder eerily parallel to a plot in his novel, a best-selling crime writer must navigate a web of hidden enemies."
s3862,TV Show,Cupcake & Dino - General Services,,"Justin Collette, Mark Little, Kyle Dooley, Mark Forward, Joris Jarksy, Julie Lemieux, Kayla Lorette, Julie Sype","Canada, Brazil","May 3, 2019",2019,TV-Y7,2 Seasons,"Kids' TV, TV Comedies",An enterprising cupcake and his cheerful dinosaur brother take on jobs of all sorts as they work to help friends and strangers in their eccentric city.
s3870,Movie,Olympus Has Fallen,Antoine Fuqua,"Gerard Butler, Aaron Eckhart, Morgan Freeman, Finley Jacobsen, Dylan McDermott, Rick Yune, Angela Bassett, Melissa Leo, Radha Mitchell, Cole Hauser, Ashley Judd, Robert Forster",United States,"May 2, 2019",2013,R,119 min,Action & Adventure,A disgraced Secret Service agent must come to the rescue when Korean terrorists descend on the White House and take the president hostage.
s3873,Movie,Knock Down The House,Rachel Lears,Alexandria Ocasio-Cortez,United States,"May 1, 2019",2019,PG,88 min,Documentaries,Go behind the scenes as four determined women – including Alexandria Ocasio-Cortez – challenge big-money politicians in the 2018 race for Congress.
s3920,Movie,Thriller,Dallas Jackson,"Jessica Allain, Luke Tennie, Tequan Richmond, Paige Hurd, Chelsea Rendon, Mitchell Edwards, Pepi Sonuga, Jason Woods, Maestro Harrell, RZA, Mykelti Williamson",United States,"April 14, 2019",2018,TV-MA,87 min,Horror Movies,"When a prank goes wrong, a shy kid from Compton is sent away for murder. Four years later, he’s back and out for revenge on homecoming weekend."
s3944,TV Show,Spirit: Riding Free,,"Amber Frank, Sydney Park, Bailey Gambertoglio, Darcy Rose Byrnes, Nolan North, Kari Wahlgren, Andy Pessoa, Tiya Sircar, Jonathan Craig WIlliams, Robert Knepper",United States,"April 5, 2019",2019,TV-Y7,8 Seasons,Kids' TV,"In a small Western town, spunky ex-city girl Lucky forms a tight bond with wild horse Spirit while having adventures with best pals Pru and Abigail."
s3953,Movie,Kevin Hart: Irresponsible,Leslie Small,Kevin Hart,United States,"April 2, 2019",2019,TV-MA,60 min,Stand-Up Comedy,"As a father of three on his second marriage, Kevin Hart proves that being him is indeed a tall order in a fresh special inspired by his own mistakes."
s3959,TV Show,Ultraman,,"Ryohei Kimura, Takuya Eguchi, Megumi Han, Hideyuki Tanaka, Sumire Morohoshi, Ken Uo, Shigeru Ushiyama, Ryota Takeuchi, Eiji Hanawa, Hirokazu Sekido, Minoru Shiraishi, Kenjiro Tsuda, Hiroaki Hirata, Kaiji Soze","United States, Japan","April 1, 2019",2019,TV-14,1 Season,"Anime Series, International TV Shows","Decades ago, a hero from the stars left this world in peace. Now, the son of Ultraman must rise to protect the Earth from a new alien threat."
s3971,TV Show,Versailles,,"George Blagden, Alexander Vlahos, Tygh Runyan, Stuart Bowman, Evan Williams, Elisa Lasowski, Joe Sheridan, Steve Cumyn, Anna Brewster, Maddison Jaizani, Pip Torrens, Catherine Walker, Lizzie Brocheré, Geoffrey Bateman","France, Canada","March 29, 2019",2018,TV-MA,3 Seasons,"International TV Shows, TV Dramas",King Louis XIV of France commissions a lavish palace that becomes a fierce battleground for love and politics – and a gilded prison for nobility.
s4004,Movie,Burn Out,Yann Gozlan,"Olivier Rabourdin, François Civil, Manon Azem, Samuel Jouy, Narcisse Mame, Naël Rabia, Sam Louwyck, Luc Schwarz, Mario Magalhaes, Marc-Antoine Duquenne","France, Belgium","March 15, 2019",2017,TV-MA,104 min,"Action & Adventure, International Movies","When his son's mom runs afoul of Paris's criminal underworld, a thrill-seeking superbike racer begins moonlighting as a drug courier to clear her debt."
s4024,TV Show,The Land of Hypocrisy,,"Mohamed Henedy, Dalal Abdel Aziz, Hana Shiha, Mohammed Tharwat, Salwa Mohammed, Mohammed Hafiz, Ibrahim Issa, Leila Ezz Al Arab, Mohammed Mahmoud",Egypt,"March 13, 2019",2018,TV-14,1 Season,"International TV Shows, TV Comedies, TV Sci-Fi & Fantasy",A hardworking man in a thankless job meets a mysterious doctor who sells him powerful pills that throw his life into disarray.
s4090,TV Show,The Big Family Cooking Showdown,,"Zoe Ball, Nadiya Hussain, Giorgio Locatelli, Rosemary Shrager",United Kingdom,"February 22, 2019",2018,TV-PG,2 Seasons,"British TV Shows, International TV Shows, Reality TV","In this unscripted series, families passionate about food serve up their most delicious dishes for the chance to be crowned Britain's best home cooks."
s4092,Movie,The Drug King,Woo Min-ho,"Song Kang-ho, Cho Jung-seok, Bae Doona, Kim So-jin, Kim Dae-myung, Jo Woo-jin, Lee Hee-jun, Song Young-chang, Yoon Je-moon",South Korea,"February 21, 2019",2018,TV-MA,139 min,"Dramas, International Movies, Thrillers",A petty smuggler from Busan dives headfirst into illicit drug trafficking in the 1970s and rises to become king of narcotics exports to Japan.
s4096,Movie,Black Sea,Kevin MacDonald,"Jude Law, Scoot McNairy, Ben Mendelsohn, Bobby Schofield, Tobias Menzies, Michael Smiley, Grigoriy Dobrygin, David Threlfall, Jodie Whittaker, Karl Davies","United Kingdom, Russia, United States","February 16, 2019",2015,R,114 min,"Action & Adventure, Dramas, International Movies","A hard-driving submarine captain is hired to steal gold from a sunken Nazi sub, but there's no honor among thieves during this underwater heist."
s4103,Movie,Chameli,Sudhir Mishra,"Kareena Kapoor, Rahul Bose, Rinke Khanna, Yashpal Sharma, Makrand Deshpande, Kabir Sadanand, Pankaj Jha",India,"February 15, 2019",2004,TV-14,102 min,"Dramas, International Movies","While taking shelter from a Mumbai monsoon, an investment banker forms an unlikely connection with a naïve prostitute over the course of the night."
s4115,TV Show,Barbie Dreamhouse Adventures,,"America Young, Kirsten Day, Cassandra Morris, Cassidy Naber, Ritesh Rajan","United States, Canada","February 14, 2019",2018,TV-Y,3 Seasons,Kids' TV,Get to know Barbie and her BFFs – including next-door neighbor Ken – in this animated vlog of adventures filmed inside her family's new dreamhouse.
s4124,Movie,ReMastered: The Two Killings of Sam Cooke,Kelly Duane de la Vega,Sam Cooke,United States,"February 8, 2019",2019,TV-MA,74 min,"Documentaries, Music & Musicals","While Sam Cooke rose to stardom as a soul singer, his outspoken views on civil rights drew attention that may have contributed to his death at age 33."
s4162,Movie,Surga Yang Tak Dirindukan 2,"Hanung Bramantyo, Meisa Felaroze","Fedi Nuril, Raline Shah, Laudya Cynthia Bella, Reza Rahadian, Nora Danish",Indonesia,"January 28, 2019",2017,TV-14,119 min,"Dramas, Faith & Spirituality, International Movies","In this sequel to the award-winning 2015 film, Pras, Arini and Meirose face new challenges that could change the dynamic of their unique love triangle."
s4212,Movie,Nang Nak,Nonzee Nimibutr,"Inthira Charoenpura, Winai Kraibutr",Thailand,"January 5, 2019",1999,TV-MA,101 min,"Horror Movies, International Movies, Romantic Movies","In this adaptation of a Thai folk tale, a man returns from war to his family, unaware of a sad secret about what happened to them while he was away."
s4245,Movie,Tim Allen: Men Are Pigs,Ellen Brown,Tim Allen,United States,"December 31, 2018",1990,TV-MA,30 min,Stand-Up Comedy,"Standup comedian Tim Allen delivers a set dedicated to ""men stuff"" like lawn care, power tools and why he grunts like an animal."
s4256,Movie,Life Ki Toh Lag Gayi,Rakesh Mehta,"Kay Kay Menon, Ranvir Shorey, Manu Rishi Chadha, Pradhuman Singh, Neha Bhasin, Jackie Shroff, Asrani, Neeraj Vora, Sharat Saxena, Tom Alter",India,"December 28, 2018",2012,TV-MA,109 min,"Action & Adventure, Comedies, Dramas","A vengeful son, a cop on a mission, a wannabe actress and a jilted lover find their lives intermingling in unexpected ways over 24 hours in Mumbai."
s4265,TV Show,People Just Do Nothing,,"Allan Mustafa, Hugo Chegwin, Asim Chaudhry, Lily Brazier, Olivia Jasmine Edwards, Dan Sylvester, Steve Stamp, Ruth Bratt, George Keywood, Maria Louis",United Kingdom,"December 22, 2018",2018,TV-MA,5 Seasons,"British TV Shows, TV Comedies",Spinning old-school beats is just another day at the office for the naive DJs of a pirate radio station who juggle family life with their passion.
s4270,TV Show,Jojo's World,,"Tia Lee, In Deok Hwang, Yen-j, Jason Hsu, Andy Wu, Sharon Hsu",Taiwan,"December 21, 2018",2017,TV-14,1 Season,"International TV Shows, Romantic TV Shows, TV Comedies","Diagnosed with a condition that could make her infertile, a career woman must choose one of four bachelors to make a baby with before time runs out."
s4309,TV Show,The Innocent Man,,John Grisham,United States,"December 14, 2018",2018,TV-MA,1 Season,"Crime TV Shows, Docuseries","This documentary adaptation of John Grisham's only nonfiction book raises troubling questions about two murder cases in Ada, Oklahoma, in the 1980s."
s4338,Movie,Don't Go Breaking My Heart,Johnnie To,"Louis Koo, Gao Yuanyuan, Daniel Wu",Hong Kong,"December 1, 2018",2011,TV-PG,115 min,"Comedies, International Movies, Romantic Movies","A financial analyst succumbs to a love triangle with a hard-drinking architect and a promiscuous investment bro, who soon becomes her boss."
s4344,Movie,Look for a Star,Andrew Lau Wai-Keung,"Andy Lau, Qi Shu, Zhang Hanyu, Denise Ho, Dominic Lam, Xinyi Zhang, David Chiang, George Lam, Rebecca Pan, Maria Cordero, Tat-Ming Cheung",Hong Kong,"December 1, 2018",2009,TV-14,117 min,"Comedies, International Movies, Romantic Movies","While keeping his identity secret, a real estate billionaire tries to woo an outspoken croupier who talks gamblers out of losing their money."
s4351,TV Show,1983,,"Robert Więckiewicz, Maciej Musiał, Michalina Olszańska, Andrzej Chyra, Clive Russell, Zofia Wichłacz, Edyta Olszówka, Mateusz Kościukiewicz, Ewa Błaszczyk, Vu Le Hong, Tomasz Włosok, Krzysztof Wach","Poland, United States","November 30, 2018",2018,TV-MA,1 Season,"Crime TV Shows, International TV Shows, TV Dramas","In this dark alt-history thriller, a naïve law student and a world-weary detective uncover a conspiracy that has tyrannized Poland for decades."
s4352,Movie,A Christmas Prince: The Royal Wedding,John Schultz,"Rose McIver, Ben Lamb, Alice Krige, Simon Dutton, Honor Kneafsey, Sarah Douglas, Theo Devaney, John Guerrasio, Andy Lucas, Raj Bajaj, Richard Ashton, Billy Angel, Tahirah Sharif, Joel McVeagh",United States,"November 30, 2018",2018,TV-PG,93 min,"Children & Family Movies, Dramas, Romantic Movies","A year after helping Richard secure the crown, Amber returns to Aldovia to plan their wedding. But her simple tastes clash with royal protocol."
s4383,Movie,Cam,Daniel Goldhaber,"Madeline Brewer, Patch Darragh, Melora Walters, Devin Druid, Imani Hakim, Michael Dempsey, Flora Diaz, Samantha Robinson, Jessica Parker Kennedy, Quei Tann",United States,"November 16, 2018",2018,TV-MA,95 min,"Horror Movies, Independent Movies, Thrillers","After a look-alike takes over her account, a cam girl with a growing fan base sets out to identify the mysterious culprit and reclaim her own identity."
s4386,Movie,The Ballad of Buster Scruggs,"Joel Coen, Ethan Coen","Liam Neeson, James Franco, Tim Blake Nelson, Tom Waits, Zoe Kazan, Brendan Gleeson",United States,"November 16, 2018",2018,R,133 min,"Comedies, Dramas","Ranging from absurd to profound, these Western vignettes from the Coen brothers follow the adventures of outlaws and settlers on the American frontier."
s4406,TV Show,Super Drags,,"Fernando Mendonça, Sérgio Cantú, Wagner Follare, Pabllo Vittar, Silvetty Montilla, Rapha Vélez, Sylvia Salustti, Guilherme Briggs",Brazil,"November 9, 2018",2018,TV-MA,1 Season,"International TV Shows, TV Comedies","In this adult animated series, three gay co-workers lead double lives as drag queen superheroes, saving the LGBTQ community from evil nemeses."
s4408,TV Show,Treehouse Detectives,,"Brody Allen, Jenna Davis, Ryan Bartley, Philece Sampler, Leigh Kelly, Abby Trott","South Korea, United States","November 9, 2018",2018,TV-Y,2 Seasons,"Kids' TV, TV Thrillers","When their animal friends need help, brother-and-sister team Toby and Teri use the clues and follow the facts to solve mysteries in their own backyard."
s4419,Movie,The Other Side of the Wind,Orson Welles,"John Huston, Oja Kodar, Peter Bogdanovich, Susan Strasberg, Robert Random, Lilli Palmer, Norman Foster, Edmond O'Brien, Mercedes McCambridge, Cameron Mitchell, Paul Stewart","France, Iran, United States","November 2, 2018",2018,R,122 min,"Classic Movies, Dramas, Independent Movies","On the last day of his life, a legendary director struggles to complete a new project and contemplates his legacy in this layered film by Orson Welles."
s4424,Movie,ABCD: Any Body Can Dance,Remo D'Souza,"Prabhu Deva, Kay Kay Menon, Ganesh Acharya, Dharmesh Yelande, Salman, Lauren Gottlieb, Noorin Sha, Punit Pathak",India,"November 1, 2018",2013,TV-14,136 min,"Dramas, International Movies","Thrown out of the elite dance studio he founded, Vishnu's spirits rebound when he sees young street dancers prepping for an annual contest."
s4524,TV Show,Blood Pact,,"Guilherme Fontes, Ravel Cabral, Jonathan Haagensen, André Ramiro, Adriano Garib, Mel Lisboa, Cristina Lago",Brazil,"October 10, 2018",2018,TV-MA,1 Season,"Crime TV Shows, International TV Shows, TV Dramas","An ambitious TV reporter uses risky and ethically questionable methods to report on gang wars and police corruption in the Amazon port of Belém, Brazil."
s4541,Movie,Eric ldle's What About Dick?,"Eric Idle, Aubrey Powell","Russell Brand, Billy Connolly, Tim Curry, Eric Idle, Eddie Izzard, Jane Leeves, Jim Piddock, Tracey Ullman, Sophie Winkleman",United States,"October 2, 2018",2012,TV-MA,81 min,"Comedies, Music & Musicals","In a madcap stage play from Monty Python icon Eric Idle, comic greats perform the decline and fall of the British Empire ... as told through a piano."
s4543,TV Show,Monty Python Best Bits (mostly),,"Hugh Bonneville, Graham Chapman, John Cleese, Terry Gilliam, Eric Idle, Terry Jones, Michael Palin",United Kingdom,"October 2, 2018",2014,TV-MA,1 Season,"British TV Shows, Docuseries, TV Comedies","Prominent comedians pay tribute to Monty Python's best work in this five-part series, along with selected clips of sketches."
s4589,Movie,My Friend Pinto,Raaghav Dar,"Prateik, Kalki Koechlin, Arjun Mathur, Shruti Seth, Makrand Deshpande, Divya Dutta, Rajendranath Zutshi, Amin Hajee, Karim Hajee, Shakeel Khan",India,"October 1, 2018",2011,TV-14,100 min,"Comedies, International Movies, Sci-Fi & Fantasy",A bright-eyed villager comes face-to-face with the gritty realities of modern-day Mumbai when he sets out to find his childhood friend.
s4645,Movie,Reversing Roe,,"Ricki Stern, Annie Sundberg",United States,"September 13, 2018",2018,TV-14,100 min,Documentaries,"Through interviews with abortion rights supporters and opponents, this film lifts the lid on a decades-long political campaign to overturn Roe v. Wade."
s4648,TV Show,Daniel Sloss: Live Shows,,Daniel Sloss,United States,"September 11, 2018",2018,TV-MA,1 Season,"Stand-Up Comedy & Talk Shows, TV Comedies","Comedian Daniel Sloss is ready to find the funny in some very dark topics, from the deeply personal to the truly irreverent."
s4660,Movie,The Most Assassinated Woman in the World,Franck Ribière,"Anna Mouglalis, Niels Schneider, André Wilms, Michel Fau, Sissi Duparc, Jean-Michel Balthazar, Julie Recoing, Eric Godon, Maya Coline, Constance Dollé","Belgium, United Kingdom, United States","September 7, 2018",2018,TV-MA,102 min,"Dramas, International Movies, Thrillers","In 1930s Paris, an actress famous for her gory death scenes at the Grand Guignol Theater contends with a mysterious stalker and ghosts from her past."
s4670,Movie,Once Again,Kanwal Sethi,"Shefali Shah, Neeraj Kabi, Rasika Dugal, Bidita Bag, Priyanshu Painyuli, Bhagwan Tiwari","India, Germany, Austria","September 1, 2018",2018,TV-PG,101 min,"Dramas, Independent Movies, International Movies","After a chance phone call leads to daily conversations, a widowed restaurant owner and a lonely film actor plan to finally meet in person."
s4688,TV Show,Take My Brother Away,Han Qing,"Sun Qian, Joseph Zeng, Lv Xiao Yu, Hu Yong Tao, Wang Xu Dong, Ma Bai Quan",China,"August 24, 2018",2018,TV-14,1 Season,"International TV Shows, TV Comedies, TV Dramas","Bickering siblings Shi Miao and Shi Fen tackle friendship matters, school drama and the pitfalls of growing up with little parental supervision."
s4693,Movie,Mom,Ravi Udyawar,"Sridevi, Akshaye Khanna, Sajal Ali, Nawazuddin Siddiqui, Adnan Siddiqui, Pitobash, Abhimanyu Singh, Vikas Verma",India,"August 21, 2018",2017,TV-14,139 min,"Dramas, International Movies, Thrillers","After her stepdaughter is sexually assaulted at a party, a furious mother sets out to destroy the lives of the four perpetrators who walked away free."
s4723,Movie,Fitoor,Abhishek Kapoor,"Aditya Roy Kapoor, Katrina Kaif, Tabu, Rahul Bhatt, Lara Dutta, Akshay Oberoi, Aditi Rao Hydari, Ajay Devgn",India,"August 2, 2018",2016,TV-14,124 min,"Dramas, International Movies, Romantic Movies",A young artist falls for an aristocratic young woman whose bitter mother has trained her in the art of breaking hearts.
s4735,Movie,Tamasha,Imtiaz Ali,"Ranbir Kapoor, Deepika Padukone, Piyush Mishra, Javed Sheikh, Nikhil Bhagat, Faraaz Servaia",India,"August 2, 2018",2015,TV-14,133 min,"Dramas, International Movies, Romantic Movies","Meeting while on vacation, Ved and Tara sense a connection but vow to keep their real identities a secret. Years later, their paths cross again."
s4742,TV Show,Switched,,"Daiki Shigeoka, Tomohiro Kamiyama, Kaya Kiyohara, Miu Tomita, Reika Kirishima, Shinji Rokkaku, Miu Suzuki, Riko Hisada, Megumi Seki, Shoko Nakajima",Japan,"August 1, 2018",2018,TV-MA,1 Season,"International TV Shows, TV Dramas, TV Mysteries","High schooler Ayumi's perfect world evaporates when her envious classmate Zenko somehow steals her body, her boyfriend and her life."
s4763,TV Show,Home: Adventures with Tip & Oh,,"Rachel Crow, Mark Whitten, Ana Ortiz, Ron Funches, Matt Jones, Nolan North",United States,"July 20, 2018",2018,TV-Y7,4 Seasons,"Kids' TV, TV Comedies","A misfit alien named Oh moves in with Tip and her family, in a series that picks up the dynamic duo's adventures where the hit film left off."
s4764,TV Show,Jimmy: The True Story of a True Idiot,,"Akiyoshi Nakao, Tetsuji Tamayama, Hiroyuki Onoue, Shinji Rokkaku, Ikuji Nakamura, Yasuhi Nakamura, Mari Hamada",Japan,"July 20, 2018",2018,TV-MA,1 Season,"International TV Shows, TV Comedies, TV Dramas","In the 1980s, a simple-minded fool named Hideaki meets comedy legend Sanma, changes his name to Jimmy and becomes a comedic superstar."
s4775,Movie,Jim Jefferies: This Is Me Now,Scott Zabielski,Jim Jefferies,United States,"July 13, 2018",2018,TV-MA,71 min,Stand-Up Comedy,"The gleefully irreverent Jefferies skewers ""grabby"" celebrities, political hypocrisy and his own ill-advised career moves in a brash stand-up special."
s4794,Movie,Deewana Main Deewana,K.C. Bokadia,"Govinda, Priyanka Chopra, Kader Khan, Prem Chopra, Shakti Kapoor, Sharat Saxena, Himani Shivpuri, Johnny Lever",India,"July 1, 2018",2013,TV-14,107 min,"Comedies, Dramas, International Movies",A man's instant attraction to a woman becomes an obsession as he adopts a friend's identity and even commits murder in order to get closer to her.
s4799,TV Show,NCIS,,"Mark Harmon, Michael Weatherly, Pauley Perrette, David McCallum, Sean Murray, Cote de Pablo, Brian Dietzen, Rocky Carroll, Lauren Holly, Sasha Alexander, Joe Spano, Alan Dale, Emily Wickersham, Pancho Demmings",United States,"July 1, 2018",2017,TV-14,15 Seasons,"Crime TV Shows, TV Dramas, TV Mysteries",Follow the quirky agents of the NCIS – the Naval Criminal Investigative Service – as they track down terrorists and other high-profile criminals.
s4801,Movie,Tum Milo Toh Sahi,Kabir Sadanand,"Nana Patekar, Dimple Kapadia, Sunil Shetty, Vidya Malvade, Rehan Khan, Anjana Sukhani, Mohnish Bahl, Vrajesh Hirjee",India,"July 1, 2018",2010,TV-14,128 min,"Comedies, Dramas, International Movies",An astute but old-fashioned law clerk steps up to help the owner of a cafe in a legal battle that has both business and personal ramifications.
s4826,Movie,Lust Stories,"Zoya Akhtar, Karan Johar, Anurag Kashyap, Dibakar Banerjee","Vicky Kaushal, Bhumi Pednekar, Radhika Apte, Neha Dhupia, Manisha Koirala, Akash Thosar, Randeep Jha, Neil Bhoopalam, Jaideep Ahlawat, Sanjay Kapoor, Kiara Advani",India,"June 15, 2018",2018,TV-MA,121 min,"Comedies, Dramas, International Movies","In the companion to 2013's ""Bombay Talkies,"" four short films by four of India's biggest directors explore love, sex and relationships in modern India."
s4844,Movie,Pedal the World,Felix Starck,Felix Starck,Germany,"June 1, 2018",2015,TV-MA,85 min,"Documentaries, International Movies, Sports Movies","Over the course of one memorable and adventure-filled year, Felix Starck documents his 18,000-kilometer bicycle journey across 22 countries."
s4856,Movie,Catching Feelings,Kagiso Lediga,"Kagiso Lediga, Pearl Thusi, Akin Omotoso, Andrew Buckland",South Africa,"May 18, 2018",2018,TV-MA,117 min,"Comedies, International Movies, Romantic Movies","Amid growing tensions in their marriage, a Johannesburg professor and his journalist wife find their lives upended by a famous, hard-partying author."
s4929,Movie,Come Sunday,Joshua Marston,"Chiwetel Ejiofor, Martin Sheen, Danny Glover, Jason Segel, Condola Rashad, Lakeith Stanfield, Stacey Sargeant, Vondie Curtis-Hall",United States,"April 13, 2018",2018,TV-14,105 min,"Dramas, Faith & Spirituality, Independent Movies",A crisis of faith sets renowned fundamentalist preacher Carlton Pearson on a new spiritual path that jeopardizes everything he holds dear.
s4944,Movie,Day of the Dead: Bloodline,Hèctor Hernández Vicens,"Johnathon Schaech, Sophie Skelton, Marcus Vanco, Jeff Gum, Lillian Blankenship, Ulyana Chan, Shari Watson, Atanas Srebrev",Bulgaria,"April 5, 2018",2018,R,91 min,"Horror Movies, Independent Movies","A former medical student battles for survival against an evil human-zombie hybrid determined to destroy her, in this reimagining of the 1985 classic."
s4959,Movie,Revolt,Joe Miale,"Lee Pace, Bérénice Marlohe, Jason Flemyng, Sibulele Gcilitshana, Wandile Molebatsi, Sekoati Sk Tsubane, Leroy Gopal, Welile Nzunza, Patrick Bakoba, Tom Fairfoot",United Kingdom,"March 31, 2018",2017,R,87 min,"Action & Adventure, Sci-Fi & Fantasy","Following a devastating alien invasion, an American soldier and a French foreign aid worker attempt to find refuge in the Kenyan countryside."
s4972,Movie,Layla M.,Mijke de Jong,"Nora El Koussour, Ilias Addab, Mohammed Azaay, Esma Abouzahra, Bilal Wahib, Nezha Karim, Ayisha Siddiqi, Aziz Akazim, Hassan Akkouch, Husam Chadat","Netherlands, Belgium, Germany, Jordan","March 23, 2018",2016,TV-MA,99 min,"Dramas, International Movies","In response to the repeated bigotry she faces, a Muslim teen in Amsterdam tries to find a sense of belonging in the world of fundamentalist Islam."
s4977,TV Show,The Standups,,"Nate Bargatze, Fortune Feimster, Deon Cole, Nikki Glaser, Beth Stelling, Dan Soder",United States,"March 20, 2018",2018,TV-MA,2 Seasons,"Stand-Up Comedy & Talk Shows, TV Comedies","Comedy's freshest voices take the stage in LA for six half-hour specials packed with sly jokes, hilarious anecdotes and awkward confessions."
s4991,Movie,Stretch Armstrong: The Breakout,Victor Cook,"Scott Menville, Steven Yeun, Ogie Banks, Nazneen Contractor, Kate Mulgrew, Wil Wheaton, Keith David, Jon Heder, Yvette Nicole Brown, Clancy Brown, James Arnold Taylor, Grey Griffin, Miguel Ferrer, Kelly Hu, Walter Koenig, Vanessa Marshall, Will Friedle, Andrew Kishino",United States,"March 13, 2018",2018,TV-Y7,104 min,Children & Family Movies,"Villains are rampaging through Charter City and the Flex Fighters – Jake, Ricardo and Nathan – need your help to halt the chaos."
s4994,Movie,The Outsider,Martin Zandvliet,"Jared Leto, Tadanobu Asano, Kippei Shiina, Shioli Kutsuna, Emile Hirsch, Raymond Nicholson, Rory Cochrane, Nao Omori, Min Tanaka",United States,"March 9, 2018",2018,TV-MA,121 min,"Dramas, Thrillers","An American soldier imprisoned in postwar Japan enters the dark world of the yakuza, adopting their way of life in repayment for his freedom."
s4995,TV Show,Bad Guys: Vile City,,"Joong-hoon Park, Jin-mo Joo, Yang Ik-june, Moo-Yul Kim, Ji Soo, Young-chang Song, Hong-Fa Kim, Tae-ho Ryu, Yu-seok Kim, Soo-young Park, Yoon-hee Lee",South Korea,"March 8, 2018",2018,TV-MA,1 Season,"Crime TV Shows, International TV Shows, Korean TV Shows","Ordered to take down a villainous business leader who controls the city, a prosecutor gathers a team of men who may not be so clean themselves."
s4998,TV Show,Borderliner,,"Tobias Santelmann, Ellen Dorrit Petersen, Benjamin Helstad, Frode Winther, Bjørn Skagestad, Eivind Sander, Thelma Farnes Ottersen, Todd Bishop Monrad Vistven, Ole Christoffer Ertvaag, Marina Popovic, Gine Cornelia Pedersen, Ana Gil de Melo Nascimento, Kim-Henning Nilsen, Morten Svartveit, Ellen Birgitte Winther, Even Pedersen","Norway, Germany, Sweden","March 6, 2018",2017,TV-MA,1 Season,"Crime TV Shows, International TV Shows, TV Dramas","To protect his family, a police detective covers up a murder case. But when his partner suspects foul play, he is trapped in a dangerous game on duty."
s5026,Movie,Veronica,Paco Plaza,"Sandra Escacena, Claudia Placer, Bruna González, Iván Chavero, Ana Torrent, Consuelo Trujillo",Spain,"February 25, 2018",2017,TV-MA,105 min,"Horror Movies, International Movies, Thrillers","In 1991 Madrid, after holding a séance at school, a teen girl minding her younger siblings at home suspects an evil force has entered their apartment."
s5038,Movie,Irreplaceable You,Stephanie Laing,"Gugu Mbatha-Raw, Michiel Huisman, Christopher Walken, Steve Coogan, Kate McKinnon, Jacki Weaver, Timothy Simons, Brian Tyree Henry, Alanna Masterson, Gayle Rankin, Tamara Tunie",United States,"February 16, 2018",2018,TV-MA,96 min,"Dramas, Romantic Movies","A stunning cancer diagnosis spurs Abbie to seek a future girlfriend for fiancé and childhood sweetheart Sam, who's clueless when it comes to dating."
s5051,Movie,On Body and Soul,Ildiko Enyedi,"Alexandra Borbély, Géza Morcsányi, Réka Tenki, Zoltán Schneider, Ervin Nagy, Itala Bekes, Éva Bata, Pál Mácsai, Zsuzsa Jaro, Nóra Rainer-Micsinyei",Hungary,"February 2, 2018",2017,TV-MA,116 min,"Dramas, International Movies, Romantic Movies",Two shy and socially awkward co-workers in Budapest form a special bond through a mysterious mystic connection that manifests in a dream.
s5080,Movie,Alibaba Aur 40 Chor,"Latif Faiziyev, Umesh Mehra","Dharmendra, Hema Malini, Zeenat Aman, Rolan Bykov, Prem Chopra, Yakub Akhmedov, Madan Puri, Sofiko Chiaureli","Soviet Union, India","January 15, 2018",1980,TV-14,147 min,"Action & Adventure, International Movies, Sci-Fi & Fantasy",A simple village man is thrown into a web of political intrigue after he takes on a powerful and ruthless gang of bandits.
s5083,TV Show,Disjointed,,"Kathy Bates, Aaron Moten, Tone Bell, Dougie Baldwin, Elizabeth Ho, Elizabeth Alderfer, Chris Redd, Betsy Sodaro, Nicole Sullivan, Michael Trucco",United States,"January 12, 2018",2018,TV-MA,2 Seasons,TV Comedies,Pot activist Ruth Whitefeather Feldman runs a medical marijuana dispensary while encouraging her loyal patients to chill out and enjoy the high life.
s5084,Movie,Milada,David Mrnka,"Ayelet Zurer, Robert Gant, Vica Kerekes, Aňa Geislerová, Ivana Chýlková, Vladimír Javorský, Dagmar Bláhová, Jaromír Dulava, Martin Pechlát, Brian Caspe","Czech Republic, United States","January 12, 2018",2017,TV-14,124 min,"Dramas, International Movies",Politician and human rights campaigner Milada Horáková battles against all odds to defend her beliefs in a Czechoslovakia under Communist rule.
s5085,Movie,The Polka King,Maya Forbes,"Jack Black, Jenny Slate, Jason Schwartzman, Jacki Weaver, J.B. Smoove, Vanessa Bayer, Robert Capron, Willie Garson, Lew Schneider",United States,"January 12, 2018",2018,TV-14,94 min,"Comedies, Independent Movies","Determined to make it big in America, Polish-born bandleader Jan Lewan draws his fans into a Ponzi scheme in this comedy based on a true story."
s5093,TV Show,Devilman Crybaby,Masaaki Yuasa,"Kouki Uchiyama, Ayumu Murase, Megumi Han, Ami Koshimizu, Atsuko Tanaka, Rikiya Koyama, Avu-chan, Kenjiro Tsuda, KEN THE 390, Subaru Kimura, Young Dais, Hannya, AFRA",Japan,"January 5, 2018",2018,TV-MA,1 Season,"Anime Series, International TV Shows, TV Horror","With demons reawakened and humanity in turmoil, a sensitive demon-boy is led into a brutal, degenerate war against evil by his mysterious friend, Ryo."
s5104,TV Show,La Mante,,"Carole Bouquet, Fred Testot, Pascal Demolon, Manon Azem, Frédérique Bel, Élodie Navarre, Jacques Weber",France,"December 29, 2017",2017,TV-MA,1 Season,"Crime TV Shows, International TV Shows, TV Dramas","Decades after her capture, a serial killer offers to help solve a string of copycat murders – but only if her son, now a cop, will work by her side."
s5115,Movie,Desire,Diego Kaplan,"Carolina Ardohain, Mónica Antonópulos, Guilherme Winter, Juan Sorini, Andrea Frigerio",Argentina,"December 21, 2017",2017,TV-MA,94 min,"Dramas, International Movies, Romantic Movies",A young woman arrives at her estranged sister's wedding to mend fences but falls prey to lust when she meets the groom.
s5123,Movie,Muramba,Varun Narvekar,"Mithila Palkar, Amey Wagh, Sachin Khedekar, Chinmayi Sumit",India,"December 15, 2017",2017,TV-MA,128 min,"Comedies, Dramas, International Movies",A young man and his parents ponder the reasons behind the recent breakdown of a relationship he was in – and the possibility of reconciliation.
s5137,Movie,Temple,Michael Barrett,"Logan Huffman, Natalia Warner, Brandon Sklenar, Naoto Takenaka, Asahi Uchida, Mei Kurokawa, Hisashi Miyazawa, Miho Tamaki, Seiki Chiba, Yoshimi Tachi","Japan, United States","December 2, 2017",2017,TV-MA,78 min,"Horror Movies, Independent Movies",Three unsuspecting American tourists visit a mysterious mountain shrine in Japan despite uncanny warnings from local inhabitants to stay away.
s5138,Movie,A StoryBots Christmas,"Evan Spiridellis, Jeff Gill","Edward Asner, Judy Greer, Erin Fitzgerald, Fred Tatasciore, Jeff Gill, Gregg Spiridellis, Evan Spiridellis, Jim Meskimen, Nate Theis",United States,"December 1, 2017",2017,TV-Y,26 min,"Children & Family Movies, Comedies","Bo thinks her holiday gift-giving isn't good enough, so she heads north to study under Santa Claus – only to find he's missing."
s5147,Movie,The Worthy,Ali F. Mostafa,"Ali Suliman, Mahmoud Al Atrash, Samer al Masri, Rakeen Saad, Habib Ghuloom, Samer Ismail, Salah Hanoun, Maisa Abd Elhadi, Mohammad Al Ibrahimi, Nabeel Ahmad Alkoni","United Arab Emirates, Romania","December 1, 2017",2016,TV-MA,99 min,"International Movies, Sci-Fi & Fantasy, Thrillers","In the near future, with civilization a thing of the past, a man puts his family in peril when he reluctantly lets outsiders into his compound."
s5180,Movie,Jerry Seinfeld: Comedian,Christian Charles,"Jerry Seinfeld, Orny Adams, Colin Quinn, Bill Cosby, Robert Klein, Chris Rock, Garry Shandling, Jay Leno, Kevin Nealon, Ray Romano",United States,"November 7, 2017",2002,R,81 min,Documentaries,Christian Charles's documentary follows established comedian Jerry Seinfeld and up-and-comer Orny Adams as they navigate the stand-up circuit.
s5201,TV Show,Beyond Stranger Things,,"Jim Rash, Matt Duffer, Ross Duffer, Shawn Levy, David Harbour, Finn Wolfhard, Millie Bobby Brown, Gaten Matarazzo, Caleb McLaughlin, Natalia Dyer, Charlie Heaton, Noah Schnapp, Joe Keery, Dacre Montgomery, Sadie Sink, Paul Reiser, Sean Astin, Randy Havens, Brett Gelman, Linnea Berthelsen",United States,"October 27, 2017",2017,TV-14,1 Season,"Stand-Up Comedy & Talk Shows, TV Mysteries, TV Sci-Fi & Fantasy","Secrets from the ""Stranger Things 2"" universe are revealed as cast and guests discuss the latest episodes with host Jim Rash. Caution: spoilers ahead!"
s5218,Movie,Lucknow Central,Ranjit Tiwari,"Farhan Akhtar, Diana Penty, Ronit Roy, Gippy Grewal, Deepak Dobriyal, Inaamulhaq, Rajesh Sharma",India,"October 16, 2017",2017,TV-14,144 min,"Dramas, International Movies, Music & Musicals","After being arrested for a crime he didn't commit, an aspiring musician teams up with some of his inmates at Lucknow Central to form a band."
s5231,Movie,Christina P: Mother Inferior,Jay Karas,Christina Pazsitzky,United States,"October 10, 2017",2017,TV-MA,59 min,Stand-Up Comedy,"Christina Pazsitzky hits Seattle with a biting dose of reality, telling truths about her childhood, getting older and the horrors of giving birth."
s5242,Movie,Ghost Patrol,Karen J. Lloyd,"Scott McNeil, Vincent Tong, Travis Turner, Shannon Chan-Kent, Lili Beaudoin",Canada,"October 1, 2017",2016,TV-Y7,47 min,"Children & Family Movies, Comedies",Two kids and their pet dog (aka the Ghost Patrol) get a call about an old manor and soon find they are investigating their first real haunted house.
s5259,TV Show,Real Rob,,"Rob Schneider, Patricia Schneider, Jamie Lissow, Miranda Scarlett Schneider",United States,"September 29, 2017",2017,TV-MA,2 Seasons,TV Comedies,Go inside the world of comedian and actor Rob Schneider in this comedy series that follows the ups and downs of his career and family life.
s5262,Movie,Def Comedy Jam 25,Louis J. Horvitz,"Dave Chappelle, Steve Harvey, Cedric the Entertainer, Martin Lawrence, Tiffany Haddish, Katt Williams, Craig Robinson, D.L. Hughley, Eddie Griffin, J.B. Smoove, Joe Torry, Kid Capri, Mike Epps, Sheryl Underwood, Tracy Morgan, Deon Cole",United States,"September 26, 2017",2017,TV-MA,82 min,Stand-Up Comedy,"In this special live event, giants of stand-up come together to commemorate the 25th anniversary of Russell Simmons's groundbreaking ""Def Comedy Jam."""
s5266,Movie,The Bar,Álex de la Iglesia,"Blanca Suárez, Mario Casas, Carmen Machi, Secun de la Rosa, Jaime Ordoñez, Terele Pávez, Joaquín Climent, Alejandro Awada","Spain, Argentina","September 24, 2017",2017,TV-MA,102 min,"Comedies, Horror Movies, International Movies",Strangers holed up in a Madrid bar after witnessing a murder begin to turn on each other as panic sets in and the body count rises.
s5351,TV Show,Fartsa,,"Alexander Petrov, Fillip Gorenshtein, Maksim Emelyanov, Aleksey Vesyolkin, Zoya Berber, Ieva Andrejevaite",Russia,"August 1, 2017",2015,TV-14,1 Season,"Crime TV Shows, International TV Shows, TV Dramas","As four Russian friends grow up in the early '60s, life, love and the curse of success threaten to derail their dreams."
s5362,Movie,The Blind Christ,Christopher Murray,"Michael Silva, Bastián Inostroza, Ana María Henríquez, Mauricio Pinto, Pedro Godoy, Hermelinda Cayo, Héctor Mella, Gonzalo Villalobos, Noelia Rubio","Chile, France","August 1, 2017",2016,TV-MA,86 min,"Dramas, Independent Movies, International Movies",A man claiming he had a divine revelation as a child treks across the Chilean desert to perform a miracle on a friend badly injured in a remote town.
s5400,TV Show,Mystic Whispers,,"Romeo Tan, Sheila Sim, Yuan Shuai, Aloysius Pang",Singapore,"July 1, 2017",2014,TV-14,1 Season,"International TV Shows, TV Dramas, TV Horror","After a car accident enables a young woman to hear mysterious sounds, she meets a mortician. Together, they listen to ghosts and try to help them."
s5430,Movie,Kanavu Variyam,Arun Chidambaram,"Jiya Anil Manne, Arun Chidambaram, T.P. Gajendran, Gnanasambandam, M. Ilavarasu, Yog Japee, Mayilsamy, Black Pandi",India,"June 15, 2017",2017,TV-PG,104 min,"Comedies, Dramas, International Movies","Despite doubts from fellow villagers who think he’s crazy, an ambitious dropout commits himself to solving a persistent local electricity crisis."
s5445,TV Show,Crashing,,"Phoebe Waller-Bridge, Jonathan Bailey, Adrian Scarborough, Damien Molony, Louise Ford, Julie Dray, Amit Shah",United Kingdom,"June 2, 2017",2016,TV-MA,1 Season,"British TV Shows, International TV Shows, Romantic TV Shows","In exchange for low rent, a hodgepodge group of 20-something tenants set up residence as property guards in a disused hospital, where hilarity ensues."
s5446,TV Show,Flaked,,"Will Arnett, David Sullivan, Ruth Kearney, George Basil, Lina Esco, Travis Mills, Robert Wisdom, Mark Boone Junior, Matthew Willig, Heather Graham, Kirstie Alley, Sab Shimono, Christopher Mintz-Plasse, Minerva Garcia, Jeff Daniel Phillips",United States,"June 2, 2017",2017,TV-MA,2 Seasons,"TV Comedies, TV Dramas","In his funky California beach enclave, Chip's the go-to guy for personal insights. But he isn't quite as enlightened when it comes to his own baggage."
s5447,Movie,Lucid Dream,Jun-seong Kim,"Ko Soo, Kyung-gu Seol, Yu-chun Park, Hye-jung Kang, In-hwan Park, Ho-jin Chun",South Korea,"June 2, 2017",2017,TV-MA,102 min,"International Movies, Sci-Fi & Fantasy, Thrillers","After searching for his abducted son for three years, a devastated father attempts to track down his missing child through lucid dreams."
s5450,Movie,Catfight,Onur Tukel,"Sandra Oh, Anne Heche, Alicia Silverstone, Amy Hill, Myra Lucretia Taylor, Ariel Kavoussi, Damian Young, Stephen Gevedon, Giullian Yao Gioiello, Tituss Burgess",United States,"June 1, 2017",2016,TV-MA,96 min,"Comedies, Independent Movies",Two college frenemies whose lives aren't what they hoped meet up decades later and escalate their resentments from verbal jabs to bloody brawls.
s5461,Movie,Oh Darling Yeh Hai India,Ketan Mehta,"Shah Rukh Khan, Deepa Sahi, Javed Jaffrey, Anupam Kher, Amrish Puri, Tom Alter, Tinnu Anand, Sadashiv Amrapurkar, Tiku Talsania, Kader Khan",India,"June 1, 2017",1995,TV-14,154 min,"Action & Adventure, Comedies, International Movies",A penniless actor new to Mumbai and a beautiful woman he meets one fateful night try to stop a gangster from replacing India's president with a twin.
s5488,Movie,Wild Oats,Andy Tennant,"Shirley MacLaine, Jessica Lange, Billy Connolly, Santiago Segura, Howard Hesseman, Matt Walsh, Jay Hayden, Rebecca Da Costa, Demi Moore","Germany, United States","May 13, 2017",2016,PG-13,86 min,Comedies,"When insurance accidentally pays her millions, retired teacher Eva and her pal Maddie head to the Canary Islands for the adventure of their lives."
s5490,Movie,Get Me Roger Stone,"Dylan Bank, Daniel DiMauro, Morgan Pehme",Roger Stone,United States,"May 12, 2017",2017,TV-MA,101 min,Documentaries,"Examine the rise, fall and rebirth of political operative Roger Stone, who's been an influential member of Team Trump for decades."
s5523,Movie,Sand Castle,Fernando Coimbra,"Nicholas Hoult, Logan Marshall-Green, Henry Cavill, Glen Powell, Neil Brown Jr., Beau Knapp, Sammy Sheik, Gonzalo Menendez",United States,"April 21, 2017",2017,TV-MA,113 min,"Action & Adventure, Dramas, Independent Movies","After the invasion of Iraq in 2003, a reluctant soldier's platoon is dispatched on a dangerous mission to repair a hostile village's water system."
s5534,Movie,Sandy Wexler,Steven Brill,"Adam Sandler, Jennifer Hudson, Kevin James, Terry Crews, Rob Schneider, Colin Quinn, Nick Swardson, Lamorne Morris, Arsenio Hall, Jamie Gray Hyder",United States,"April 14, 2017",2017,TV-14,131 min,Comedies,"When a hapless but dedicated talent manager signs his first client who actually has talent, his career finally starts to take off."
s5539,TV Show,The Get Down,,"Justice Smith, Shameik Moore, Herizen Guardiola, Skylan Brooks, Tremaine Brown,  Jr., Yahya Abdul-Mateen II, Jimmy Smits, Giancarlo Esposito, Kevin Corrigan, Stefanee Martin, Shyrley Rodriguez, Eric Bogosian, Michel Gill, Mamoudou Athie",United States,"April 7, 2017",2017,TV-MA,2 Seasons,TV Dramas,"In 1977 New York City, the talented and soulful youth of the South Bronx chase dreams and breakneck beats to transform music history."
s5543,TV Show,Burned Cocoon,,"Yavuz Bingöl, Basak Köklükaya, Çolpan Ilhan, Mustafa Alabora, Sedef Avcı, Ayça İnci, Tuncer Necmioğlu, Serdar Özer",Turkey,"April 1, 2017",2005,TV-MA,1 Season,"International TV Shows, TV Dramas","A secret marriage unites two families – one wealthy and traditional, the other bankrupt and modern – and is threatened by the resulting conflicts."
s5570,TV Show,Samurai Gourmet,,"Naoto Takenaka, Tetsuji Tamayama, Honami Suzuki",Japan,"March 17, 2017",2017,TV-PG,1 Season,"International TV Shows, TV Dramas",Recent retiree Takeshi rediscovers his passion for food and life by getting in touch with his inner warrior and eating what he truly desires.
s5584,TV Show,Love Is in the Air,,"Murat Ünalmış, Birce Akalay, Selen Soyder, Erman Okay, Kanbolat Gorkem Arslan, Levent Yilmaz, Aysegül Günay, Selma Kutluğ, Ulvi Alacakaptan, İpek Erdem, Yilmaz Calayir, Isil Yücesoy",United Kingdom,"March 1, 2017",2010,TV-14,1 Season,"International TV Shows, TV Dramas","Toprak, who lost her baby, is hired as a wet nurse for wealthy Yusuf's motherless son. Yusuf is drawn to Toprak, but also to her scheming sister."
s5588,Movie,Force 2,Abhinay Deo,"John Abraham, Sonakshi Sinha, Tahir Raj Bhasin, Narendra Jha, Adil Hussain, Vikram Kapadia, Patricia Hittler, Genelia D'souza, Raj Babbar, Freddy Daruwala, Boman Irani",India,"February 27, 2017",2016,TV-14,123 min,"Action & Adventure, International Movies","An ex-cop investigates the death of his best friend and two other spies, killings that lead to a mole operating from India's embassy in Budapest."
s5596,Movie,Boy Missing,Mar Targarona,"Blanca Portillo, Antonio Dechent, Vicente Romero, Marc Domènech, Nausicaa Bonnín, Andrés Herrera, José Coronado, Macarena Gómez, Paco Manzanedo, Sergi Subirà",Spain,"February 19, 2017",2016,TV-MA,105 min,"International Movies, Thrillers","When her son is kidnapped and later found traumatized, a lawyer takes justice into her own hands, causing events that spiral out of control."
s5629,Movie,Gad Gone Wild,Mario Rouleau,Gad Elmaleh,France,"January 23, 2017",2017,TV-MA,57 min,Stand-Up Comedy,French comic Gad Elmaleh regales a Montreal crowd with tales of awkward mix-ups and baffling customs he's encountered since moving to the U.S.
s5631,Movie,Take the 10,Chester Tam,"Josh Peck, Tony Revolori, Kevin Corrigan, Chester Tam, Andy Samberg, Stella Maeve, Jordan Rock, Carlos Alazraqui, Fred Armisen",United States,"January 20, 2017",2017,TV-MA,80 min,Comedies,Two buddies working dead-end cashier jobs endure a mind-blowing series of events on their quest to get to the hip-hop show of their lives.
s5658,Movie,Garfunkel and Oates: Trying to be Special,"Riki Lindhome, Jeremy Konner","Riki Lindhome, Kate Micucci, Anthony Jeselnik, Steve Agee",United States,"December 23, 2016",2016,TV-MA,62 min,"Music & Musicals, Stand-Up Comedy",Garfunkel and Oates put on a surprise-filled show in Seattle in hopes of raising enough money to make their own comedy special.
s5663,TV Show,Crazyhead,,"Cara Theobold, Susan Wokoma, Riann Steele, Arinzé Kene, Lewis Reeves, Tony Curran",United Kingdom,"December 16, 2016",2016,TV-MA,1 Season,"British TV Shows, International TV Shows, TV Comedies",Bowling alley worker Amy and nonconformist Raquel kick some serious demon butt while also facing their inner demons as they navigate their early 20s.
s5671,TV Show,Ice Fantasy,,"Feng Shaofeng, Victoria Song, Ma Tianyu, Zhang Meng, Hee-seon Kim, Gong Beibi, Shao Bing, Hu Bing, Wang Duo",China,"December 15, 2016",2016,TV-14,1 Season,"International TV Shows, TV Action & Adventure, TV Sci-Fi & Fantasy","The Ice Tribe prince journeys to a sacred mountain to vanquish evil but soon finds himself at war with the Fire Tribe, led by his long-lost brother."
s5673,TV Show,InuYasha,,"Kappei Yamaguchi, Satsuki Yukino, Kumiko Watanabe, Noriko Hidaka, Koji Tsujitani, Houko Kuwashima, Toshiyuki Morikawa, Richard Ian Cox, Moneca Stori, Paul Dobson, Kirby Morrow, Kelly Sheridan, Jillian Michaels",Japan,"December 15, 2016",2001,TV-14,2 Seasons,"Anime Series, International TV Shows","Yanked down a well, schoolgirl Kagome Higurashi emerges in feudal Japan, where she must reassemble a sacred jewel while eluding half-demon Inuyasha."
s5699,Movie,Asu Mare 2,Ricardo Maldonado,"Carlos Alcántara, Emilia Drago, Christian Meier, Andrés Salas, Anahí de Cárdenas, Rodrigo Sánchez Patiño, Denisse Dibós, Javier Delgiudice, Ana Cecilia Natteri",Peru,"December 1, 2016",2015,TV-14,100 min,"Comedies, International Movies",To win the heart of his true love – a high-society girl – a hapless commoner plots to change his identity and avoid his embarrassing friends.
s5733,TV Show,Love Now,,"Annie Chen, George Hu, Bobby Dou, Vivi Lee, Harry Chang, Esther Yang, Mandy Wei",Taiwan,"November 1, 2016",2012,TV-14,1 Season,"International TV Shows, Romantic TV Shows, TV Comedies","When her loved ones cook up a morbid plan to make her take time off from work, Yang Yiru goes on a vacation, truly believing she has terminal cancer."
s5740,Movie,The African Doctor,Julien Rambaldi,"Marc Zinga, Aïssa Maïga, Bayron Lebli, Médina Diarra, Rufus, Jonathan Lambert, Jean-Benoît Ugeux",France,"October 28, 2016",2016,TV-14,94 min,"Comedies, Dramas, International Movies","Happily escaping a dictatorship, a Congolese doctor transplants his family to a small French village, where culture shock sets in for everyone."
s5813,TV Show,Caught on Camera,,Nick Wallis,United Kingdom,"August 15, 2016",2015,TV-MA,3 Seasons,"British TV Shows, Crime TV Shows, Docuseries","Nick Wallis presents crimes caught on CCTV, cell phones and other devices and reveals how investigators use the recordings to solve tough cases."
s5837,TV Show,Marco Polo,,"Lorenzo Richelmy, Benedict Wong, Chin Han, Joan Chen, Michelle Yeoh, Rick Yune, Claudia Kim, Remy Hii, Zhu Zhu, Tom Wu, Mahesh Jadu, Olivia Cheng, Uli Latukefu, Pierfrancesco Favino, Jacqueline Chan, Leonard Wu, Gabriel Byrne",United States,"July 1, 2016",2016,TV-MA,2 Seasons,"TV Action & Adventure, TV Dramas","Set in a world of greed, betrayal, sexual intrigue and rivalry, “Marco Polo” is based on the famed explorer’s adventures in Kublai Khan’s court."
s5868,TV Show,Care Bears & Cousins,,"Michael Sinterniklaas, Michaela Dean, Doug Erholtz, Braeden Fox, Olivia Hack, David Lodge, Nayo Wallace, Ryan Wiesbrock",United States,"February 5, 2016",2016,TV-Y,2 Seasons,Kids' TV,"The whole huggable gang is back, bringing tales of caring and sharing to a new generation. And now the Care Bear Cousins are here to join the fun!"
s5872,TV Show,Chelsea Does,,Chelsea Handler,United States,"January 23, 2016",2016,TV-MA,1 Season,"Docuseries, Science & Nature TV","In a provocative documentary series, comedian Chelsea Handler confronts personal and cultural hang-ups around four topics that fascinate her."
s5887,Movie,Manson Family Vacation,J. Davis,"Jay Duplass, Linas Phillips, Leonora Pitts, Adam Chernick, Davie-Blue, Suzanne Ford, Tobin Bell",United States,"October 27, 2015",2015,TV-MA,85 min,"Comedies, Dramas, Independent Movies","The pleasant family life of an L.A. attorney is disrupted by the sudden arrival of his brother, who is obsessed with the Charles Manson murders."
s5941,TV Show,Breaking Bad,,"Bryan Cranston, Aaron Paul, Anna Gunn, Dean Norris, Betsy Brandt, R.J. Mitte, Bob Odenkirk, Steven Michael Quezada, Jonathan Banks, Giancarlo Esposito",United States,"August 2, 2013",2013,TV-MA,5 Seasons,"Crime TV Shows, TV Dramas, TV Thrillers",A high school chemistry teacher dying of cancer teams with a former student to secure his family's future by manufacturing and selling crystal meth.
s5987,TV Show,12 Years Promise,,"So-yeon Lee, Namkoong Min, Tae-im Lee, So-hui Yoon, Won-keun Lee, Hyo-young Ryu",South Korea,"May 22, 2017",2014,TV-14,1 Season,"International TV Shows, Korean TV Shows, Romantic TV Shows","A pregnant teen is forced by her family to leave her boyfriend and assume a new identity in America, but 12 years later, the couple reunites in Korea."
s6057,Movie,A Separation,Asghar Farhadi,"Leila Hatami, Peyman Moaadi, Shahab Hosseini, Sareh Bayat, Sarina Farhadi, Babak Karimi, Ali-Asghar Shahbazi, Shirin Yazdanbakhsh, Kimia Hosseini, Merila Zare'i, Sahabanu Zolghadr","Iran, France","March 16, 2019",2011,PG-13,123 min,"Dramas, International Movies","Amid an impasse in his marriage, a father in Tehran is beset by a bitter feud involving the family of a pious caretaker he hired for his aging dad."
s6068,TV Show,A.D. Kingdom and Empire,,"Juan Pablo Di Pace, Adam Levy, Chipo Chung, Babou Ceesay, Emmett Scanlan, Will Thorp, Richard Coyle, Vincent Regan, Greta Scacchi, James Callis, Joanne Whalley, Jodhi May, Chris Brazier, Fraser Ayres, Jóhannes Haukur Jóhannesson, Ken Bones, Kenneth Collard",United States,"December 15, 2017",2015,TV-14,1 Season,TV Dramas,"In the wake of Jesus Christ's crucifixion, his apostles dedicate themselves to spreading his message, risking their freedom and their lives."
s6101,TV Show,Age Gap Love,,Fay Ripley,United Kingdom,"July 12, 2019",2017,TV-MA,1 Season,"British TV Shows, Reality TV, Romantic TV Shows","Despite the social backlash and challenges that come with intergenerational romance, these couples choose to stick together through thick and thin."
s6138,TV Show,American Crime,,"Felicity Huffman, Timothy Hutton, Elvis Nolasco, Regina King, Lili Taylor, Richard Cabral, Brent Anderson, Benito Martinez, Shane Jacobsen, W. Earl Brown, Caitlin Gerard, Penelope Ann Miller, Johnny Ortiz",United States,"May 30, 2017",2017,TV-MA,3 Seasons,"Crime TV Shows, TV Dramas","This anthology series unfolds a different story arc for each season, with dramas focusing on aspects of American life and the criminal justice system."
s6160,Movie,Anarkali of Aarah,Avinash Das,"Swara Bhaskar, Sanjay Mishra, Vijay Kumar, Pankaj Tripathi, Mayur More, Ishtiyak Khan",India,"August 1, 2017",2017,TV-MA,111 min,"Dramas, Independent Movies, International Movies","After being sexually harassed by a drunken politician while performing at a public event, a village dancer plots revenge to clear her name."
s6206,Movie,Babel,Alejandro G. Iñárritu,"Brad Pitt, Cate Blanchett, Gael García Bernal, Koji Yakusho, Adriana Barraza, Rinko Kikuchi, Said Tarchani, Boubker Ait El Caid, Elle Fanning, Nathan Gamble, Mohamed Akhzam","France, United States, Mexico","January 1, 2019",2006,R,143 min,"Dramas, Independent Movies","When an American couple vacationing in Morocco falls victim to a random act of violence, a series of events unfolds across four countries."
s6219,Movie,Badland,Justin Lee,"Kevin Makely, Bruce Dern, Mira Sorvino, Trace Adkins, Wes Studi, Tony Todd, Jeff Fahey, James Russo, Amanda Wyss",United States,"March 26, 2020",2019,TV-14,117 min,Dramas,A detective with a license to kill roams the Old West to wrangle Confederate war criminals and meets a pioneer woman who throws his journey off track.
s6239,Movie,Barbie Star Light Adventure,"Andrew Tan, Michael Goguen","Erica Lindbeck, Robbie Daymond, Kimberly Woods, Sarah Anne Williams, Michael Chandler, Dwight Schultz, Ben Bledsoe, Jonathan Lipow, Lucien Dodge, Laura Post",United States,"October 1, 2017",2016,TV-Y,79 min,Children & Family Movies,"A hoverboard-riding princess of the cosmos, Barbie must band together with a team of talented new friends to save the stars from winking out."
s6241,Movie,Barbie: Princess Charm School,Ezekiel Norton,"Diana Kaarina, Morwenna Banks, Nicole Oliver, Brittney Wilson, Ali Liebert, Shannon Chan-Kent, Madeleine Peters, Cathy Weseluck, Ellen Kennedy, Vincent Tong, Derek Waters, Brian Drummond, Tabitha St. Germain, Bethany Brown, Miranda Nolte, Kelly Metzger, Kazumi Evans, Anna Cummer","United States, Canada","October 1, 2017",2011,TV-Y,80 min,Children & Family Movies,"Blair Willows is excited when she gets to go to Princess Charm School, where she meets princesses Delancy and Hadley, and searches for a magic crown."
s6275,Movie,Behind the Curtain: Todrick Hall,Katherine Fairfax Wright,Todrick Hall,United States,"April 5, 2018",2017,TV-MA,100 min,"Documentaries, LGBTQ Movies, Music & Musicals",Follow singer and YouTube sensation Todrick Hall as he launches an original musical based on growing up gay in Texas and finding showbiz success.
s6281,Movie,Below Her Mouth,April Mullen,"Erika Linder, Natalie Krill, Sebastian Pigott, Mayko Nguyen, Tommie-Amber Pirie, Melanie Leishman, Andrea Stefancikova, Daniela Barbosa",Canada,"August 1, 2017",2016,TV-MA,91 min,"Dramas, Independent Movies, International Movies",An engaged fashion editor begins a torrid affair with a female roofer that threatens to turn both of their lives upside down.
s6335,Movie,Blockbuster,July Hygreck,"Syrus Shahidi, Lionel Abelanski, Charlotte Gabris, Tom Hygreck, Sylvain Quimene, Laura Boujenah, Foed Amara",France,"January 24, 2018",2017,TV-MA,85 min,"Comedies, Independent Movies, International Movies","Dumped over a video he made to amuse his ailing dad, a heartsick Jérémy hatches an elaborate scheme to win back his superhero-loving girlfriend, Lola."
s6373,Movie,Brave New Jersey,Jody Lambert,"Tony Hale, Anna Camp, Sam Jaeger, Heather Burns, Dan Bakkedahl, Raymond J. Barry, Erika Alexander, Mel Rodriguez, Evan Jonigkeit, Grace Kaufman",United States,"December 15, 2017",2016,TV-MA,92 min,"Comedies, Independent Movies",Small-town residents mistake an Orson Welles radio broadcast for news about an alien invasion and are emboldened to act as they await an apocalypse.
s6377,Movie,Brick,Rian Johnson,"Joseph Gordon-Levitt, Nora Zehetner, Lukas Haas, Noah Fleiss, Matt O'Leary, Emilie de Ravin, Noah Segan, Richard Roundtree, Meagan Good, Brian White",United States,"September 1, 2018",2005,R,110 min,"Independent Movies, Thrillers",Teenage loner Brendan Fry navigates his high school's intense social network to discover a killer's identity after his secret crush is murdered.
s6454,Movie,Chasing Trane,John Scheinfeld,"Denzel Washington, Bill Clinton, Ravi Coltrane, Common, Benny Golson, Jimmy Heath, Wynton Marsalis, Sonny Rollins, Carlos Santana, Cornel West",United States,"November 13, 2017",2016,TV-PG,99 min,"Documentaries, Music & Musicals","Featuring interviews, insights and archival footage, this documentary aims to reveal how historical events shaped the music of John Coltrane."
s6471,Movie,China Salesman,Tan Bing,"Li Dong Xue, Mike Tyson, Steven Seagal, Janicke Askevold, Li Ai, Eriq Ebouaney, Clovis Fouin, Wang Zijian",China,"September 24, 2018",2017,TV-MA,111 min,"Action & Adventure, International Movies",A Chinese engineer travels to a war-torn African country to rebuild its telecommunications but instead finds massive corruption and explosive danger.
s6500,Movie,Clive Davis: The Soundtrack of Our Lives,Chris Perkel,Clive Davis,United States,"September 17, 2019",2017,TV-MA,124 min,"Documentaries, Music & Musicals",This music-driven documentary charts Clive Davis' 50-year career as one of the world's most influential record moguls.
s6540,Movie,Covered: Alive in Asia,"Micah Bickham, Galley Molina",Israel Houghton,United States,"March 31, 2016",2016,TV-G,75 min,"Documentaries, Faith & Spirituality, Music & Musicals","Christian musician Israel Houghton leads his band Israel & New Breed on a tour supporting their newest album of multicultural, hybrid-genre songs."
s6543,TV Show,Crime Time,,"Augusto Madeira, Érico Brás, Gustavo Machado, Dionisio Neto, Fernanda Vianna, Georgina Castro, Leo Miranda, Marat Descartes, Mauricio Tarcinalli Barros, Sabrina Greve, Sérgio Malheiros",France,"January 31, 2019",2017,TV-MA,1 Season,"Crime TV Shows, International TV Shows, TV Action & Adventure","Born into poverty and trapped in a grim job as a cop in the favelas, a wannabe actor forges a bloody path to celebrity and wealth. Based on true events."
s6552,Movie,Daddy Issues,Amara Cash,"Madison Lawlor, Montana Manning, Andrew Pifko, Monte Markham, Kamala Jones, Jodi Carol Harrison, Seth Cassell, Ronnie Clark, Lissa Danshaw, J.J. Hawkins",United States,"September 20, 2019",2019,TV-MA,82 min,"Dramas, Independent Movies, LGBTQ Movies","Maya finally hooks up with her online dream girl, only to discover she’s deeply involved with an older sugar daddy – a man Maya knows all too well."
s6565,Movie,Dark Chocolate (Bengali Version),Agnidev Chatterjee,"Riya Sen, Mahima Chaudhry, Rajesh Sharma, Indrasish Roy, Mumtaz Sorcar, Sudip Mukherjee, Shataf Figar, Koushik Sen",India,"December 15, 2017",2016,TV-MA,91 min,"Dramas, International Movies, Thrillers","In this Bangla thriller inspired by a true story, the discovery of a charred corpse in the woods leads to a high-profile murder investigation."
s6566,Movie,Dark Crimes,Alexandros Avranas,"Jim Carrey, Marton Csokas, Charlotte Gainsbourg, Agata Kulesza, Kati Outinen, Zbigniew Zamachowski, Danuta Kowalska, Vlad Ivanov, Robert Więckiewicz, Piotr Głowacki","United Kingdom, Poland, United States","October 15, 2019",2016,R,93 min,"Dramas, Thrillers",A detective on a cold murder case discovers that a famous writer’s latest novel contains details chillingly similar to the crime he’s investigating.
s6571,Movie,Daughters of the Dust,Julie Dash,"Cora Lee Day, Alva Rogers, Barbarao, Trula Hoosier, Adisa Anderson, Kaycee Moore, Bahni Turpin, Cheryl Lynn Bruce, Tommy Redmond Hicks, Cornell Royal","United Kingdom, United States","June 10, 2017",1991,NR,112 min,"Classic Movies, Dramas, Independent Movies",An African American Gullah family leaves their coastal island home in 1902 and risks losing their culture to start a new life on the U.S. mainland.
s6576,Movie,De Palma,"Noah Baumbach, Jake Paltrow",Brian De Palma,United States,"November 21, 2018",2015,R,110 min,Documentaries,"Iconoclastic film director Brian DePalma takes a look back at the production of such classic movies as ""Carrie,"" ""Scarface"" and ""The Untouchables."""
s6577,Movie,Dead in a Week (Or Your Money Back),Tom Edmunds,"Tom Wilkinson, Aneurin Barnard, Freya Mavor, Marion Bailey, Christopher Eccleston, Nigel Lindsay, Velibor Topic",United Kingdom,"March 1, 2019",2018,TV-MA,90 min,Comedies,"After several failed attempts at taking his own life, a young man hires an aging assassin who’ll do anything to fend off retirement."
s6593,Movie,Den of Thieves,Christian Gudegast,"Gerard Butler, Pablo Schreiber, O'Shea Jackson Jr., 50 Cent, Meadow Williams, Maurice Compte, Brian Van Holt, Evan Jones, Mo McRae, Kaiwi Lyman",United States,"May 1, 2020",2018,R,140 min,Action & Adventure,A highly skilled crew of bank robbers plotting a heist at the supposedly impenetrable Federal Reserve faces off against an elite unit of L.A. cops.
s6607,Movie,Diana: 7 Days That Shook the World,Ben Ryder,James D'Arcy,United Kingdom,"July 28, 2017",2017,TV-PG,93 min,Documentaries,"This illuminating documentary examines the aftermath of Princess Diana’s tragic death and the tense, dramatic week leading up to her funeral."
s6637,Movie,Doubles Cause Troubles,Wong Jing,"Carol 'Do Do' Cheng, Maggie Cheung, Wilson Lam, Chan Pak-cheung, Charlie Cho, Tom Poon, Kwan Ming-yuk, Hon Yee-Sang, Sherman Wong, Lo Fan",Hong Kong,"August 1, 2018",1989,TV-14,94 min,"Action & Adventure, Comedies, International Movies","When the tenant in their flat dies under suspicious circumstances, two bickering cousins are forced to navigate both sides of the law."
s6666,Movie,Eddie Murphy: Delirious,Bruce Gowers,Eddie Murphy,United States,"April 15, 2018",1983,TV-MA,69 min,Stand-Up Comedy,"Flashing the wild stand-up comedy that made him a household name, Eddie Murphy unleashes uncensored observations and parodies in this 1983 live show."
s6672,TV Show,El Barco,,"Juanjo Artero, Mario Casas, Blanca Suárez, Irene Montalà, Luis Callejo, Neus Sanz, Juan Pablo Shuk, Ivan Massagué, Marina Salas, Bernabé Fernández, Javier Hernández, Patricia Arbúes, David Seijo, Giselle Calderón",Spain," July 1, 2017",2013,NR,3 Seasons,"International TV Shows, Romantic TV Shows, Spanish-Language TV Shows",Forty young crew members traveling aboard a training vessel are in for the adventure of a lifetime – especially when a storm leaves them lost at sea.
s6684,Movie,Elles étaient en guerre (1914-1918),"Fabien Beziat, Hugues Nancy",Nathalie Baye,France,"December 31, 2017",2014,TV-14,93 min,"Documentaries, International Movies",Trace the overlapping journeys of exceptional women swept up in World War I and hear their tales of bravery on history's front lines.
s6740,Movie,Fandry,Nagraj Manjule,"Somnath Awghade, Suraj Pawar, Chhaya Kadam, Kishore Kadam, Rajeshwari Kharat, Bhushan Manjule, Nagraj Manjule, Sohail Shaikh, Sanjay Chaudhri, Vikas Pandurang Patil",India,"January 1, 2018",2014,NR,102 min,"Dramas, Independent Movies, International Movies","Spunky, lower-caste lad Jabya falls for lovely, upper-caste Shalu. But his family's derided social position proves a stubborn stumbling block to love."
s6780,Movie,For Love or Money,Mark Murphy,"Robert Kazinsky, Samantha Barks, Ed Speleers, Tony Way, Rachel Hurd-Wood, Ivan Kaye, Anna Chancellor, David Hargreaves, Tanya Reynolds",United Kingdom,"August 16, 2019",2019,TV-MA,95 min,Comedies,"When a goofy but likable millionaire discovers his fiancée’s plan to steal his wealth, he devises an unromantic scheme to make her life a living hell."
s6837,TV Show,Gentlemen and Gangsters,,"David Dencik, Ruth Vega Fernandez, David Fukamachi Regnfors, Sverrir Gudnason, Andreas Kundler, Sven Nordin, Boman Oscarsson, Lars Green, Sebastian Sporsén, Amanda Ooms, Magnus Krepper, Peter Carlberg, Peter Bergared, Christopher Wagelin, Lars Helander, Emilie Jonsson",Sweden,"June 1, 2016",2016,TV-MA,1 Season,"Crime TV Shows, International TV Shows, Romantic TV Shows","Now on the run, a writer relates his previous year's escapades when he got sucked into the thrilling, sordid orbit of boxer and jazz man Henry Morgan."
s6841,Movie,Get Santa,Christopher Smith,"Jodie Whittaker, Warwick Davis, Jim Broadbent, Stephen Graham, Nonso Anozie, Rafe Spall, Ewen Bremner, Matt King","United Kingdom, United States","December 12, 2014",2014,PG,103 min,"Children & Family Movies, Comedies","When Santa gets arrested for trespassing after crashing his sleigh, it's up to a father-son team to spring him from jail and save Christmas."
s6867,Movie,GoldenEye,Martin Campbell,"Pierce Brosnan, Sean Bean, Izabella Scorupco, Famke Janssen, Joe Don Baker, Judi Dench, Robbie Coltrane, Gottfried John, Alan Cumming, Tchéky Karyo, Desmond Llewelyn, Samantha Bond, Michael Kitchen, Serena Gordon, Simon Kunz","United Kingdom, United States","December 31, 2019",1995,PG-13,130 min,Action & Adventure,"Pierce Brosnan takes his first turn as debonair secret agent James Bond, who investigates the destruction of a Russian satellite weapons base."
s6894,Movie,Grease,Randal Kleiser,"John Travolta, Olivia Newton-John, Stockard Channing, Jeff Conaway, Barry Pearl, Michael Tucci, Kelly Ward, Didi Conn, Jamie Donnelly, Dinah Manoff, Eve Arden, Dody Goodman, Sid Caesar, Joan Blondell, Frankie Avalon",United States,"November 1, 2019",1978,PG,110 min,"Classic Movies, Comedies, Music & Musicals",John Travolta and Olivia Newton-John star in this hit musical comedy about a greaser and the good girl he falls for – much to his friends' chagrin.
s6917,Movie,Hank: Five Years from the Brink,Joe Berlinger,"Henry Paulson, Wendy Paulson",United States,"August 25, 2018",2013,TV-14,86 min,Documentaries,"From Joe Berlinger, director of the ""Paradise Lost"" trilogy, comes this documentary about controversial former U.S. Treasury Secretary Henry Paulson."
s6935,Movie,Harry Benson: Shoot First,"Justin Bare, Matthew Miele",Harry Benson,United States,"May 1, 2017",2016,NR,90 min,Documentaries,"This film chronicles the career of photographer Harry Benson, who earned global renown with his candid shots of the Beatles and other celebrities."
s6971,TV Show,Highway to Heaven,,"Michael Landon, Victor French",United States," November 1, 2016",1988,TV-PG,5 Seasons,TV Dramas,"Under God's direction, angel Jonathan and ex-cop Mark help troubled souls overcome adversity and embrace honesty, kindness and forgiveness."
s6987,Movie,Holy Man 2,Note Chern-Yim,"Apisit Opasaimlikit, Suthep Po-ngam, Phichet Iamchaonaa, Note Chern-Yim",Thailand,"July 30, 2018",2008,TV-14,92 min,"Comedies, Faith & Spirituality, International Movies","Former rap musician Joey Boy is now a monk who takes Father Teng's place at his rural temple, where a crisis develops involving a nearby stone quarry."
s6989,Movie,Hombanna,Rakshith Thirthahalli,"Subbu Talabi, Dhanu Gowda, H.G. Dattatreya, Suchendra Prasad, Ambujakshi, Neenasam Ashwath",India,"May 1, 2018",2017,TV-14,126 min,"Dramas, International Movies","In the forests of Karnataka, a farmer and his community face eviction from the land when they get caught in the currents of socio-political change."
s6997,TV Show,Hormones,,"Pachara Chirathivat, Ungsumalynn Sirapatsakmetha, Sutatta Udomsilp, Chutavuth Pattarakampol, Sirachuch Chienthaworn, Gunn Junhavat, Sananthachat Thanapatpisal, Thanapob Leeratanakajorn, Supassra Thanachat, Sedthawut Anusit, Kemisara Paladesh",Thailand,"June 30, 2018",2015,TV-MA,3 Seasons,"International TV Shows, Romantic TV Shows, TV Dramas","High school students in Bangkok wrestle with issues such as sex, teen pregnancy, drugs, school violence, family turmoil and more in this Thai drama."
s7007,TV Show,Hotel Beau Séjour,,"Lynn Van Royen, Inge Paulussen, Jan Hammenecker, Kris Cuppens, Johan van Assche, Katrin Lohmann, Mieke De Groote, Roel Vanderstukken, Joren Seldeslachts, Joke Emmers, Charlotte Timmers, Guus Bullen, Tiny Bertels, Reinhilde Decleir, Barbara Sarafian",Belgium,"March 16, 2017",2017,TV-14,1 Season,"Crime TV Shows, International TV Shows, TV Dramas","Caught in an afterlife limbo, teenage Kato investigates her own mysterious death and unravels a web of secrets in her seemingly tranquil village."
s7050,Movie,I'm in Love with a Church Girl,Steve Race,"Ja Rule, Adrienne Bailon, Stephen Baldwin, Vincent Pastore, Michael Madsen, T-Bone, Martin Kove, Toby Mac",United States,"October 1, 2017",2013,PG,119 min,"Dramas, Faith & Spirituality, Romantic Movies","When a tough-minded ex-drug dealer falls for a beautiful but highly devout woman, their mutual attraction takes them both down a twisty path."
s7059,Movie,Immoral Tales,Walerian Borowczyk,"Lise Danvers, Fabrice Luchini, Charlotte Alexandra, Paloma Picasso, Pascale Christophe, Florence Bellamy, Jacopo Berinizi, Lorenzo Berinizi",France,"June 6, 2019",1974,UR,103 min,"Dramas, International Movies, Romantic Movies","This anthology illustrates the timeless nature of desire in four stories of incest, bloodlust and other forbidden subjects."
s7062,Movie,In The Deep,Johannes Roberts,"Mandy Moore, Claire Holt, Matthew Modine, Chris Johnson, Yani Gellman, Santiago Segura","United Kingdom, United States, Dominican Republic","January 10, 2018",2017,PG-13,89 min,"Horror Movies, International Movies, Thrillers","With little oxygen left in their scuba tanks, two sisters are trapped in a shark cage at the bottom of the ocean while great whites circle nearby."
s7071,Movie,Indiana Jones and the Kingdom of the Crystal Skull,Steven Spielberg,"Harrison Ford, Cate Blanchett, Karen Allen, Ray Winstone, John Hurt, Jim Broadbent, Igor Jijikine, Shia LaBeouf",United States,"January 1, 2019",2008,PG-13,123 min,"Action & Adventure, Children & Family Movies, Sci-Fi & Fantasy","Indiana Jones is drawn into a Russian plot to unearth the Crystal Skulls of Akator, Amazonian artifacts with supernatural powers."
s7087,Movie,Internet Famous,Michael Gallagher,"Shane Dawson, Steve Greene, Amanda Cerny, Christian Delgrosso, Wendy McColm, Richard Ryan, Roger Bart, John Michael Higgins, Missi Pyle, Jimmy Tatro, Tay Zonday, Adam Busch",United States,"July 21, 2016",2016,TV-14,87 min,Comedies,Five viral Internet celebrities travel to a competition that will award one of them their own television series in this ensemble comedy.
s7090,Movie,Inuyasha the Movie - La spada del dominatore del mondo,Toshiya Shinohara,"Kappei Yamaguchi, Satsuki Yukino, Koji Tsujitani, Houko Kuwashima, Kumiko Watanabe, Ken Narita, Akio Otsuka, Kikuko Inoue",Japan,"September 1, 2017",2003,TV-14,99 min,"Action & Adventure, Anime Features, International Movies",The Great Dog Demon beaqueathed one of the Three Swords of the Fang to each of his two sons. Now the evil power of the third sword has been awakened.
s7118,Movie,Jal,Girish Malik,"Purab Kohli, Tannishtha Chatterjee, Kirti Kulhari, Yashpal Sharma, Mukul Dev, Saidah Jules, Ravi Gossain, Rahul Singh",India,"October 15, 2017",2013,TV-14,132 min,"Dramas, Independent Movies, International Movies",A gifted young man from a drought-stricken village helps a group of ecologists find water for migrating flamingoes.
s7124,TV Show,Jeopardy!,,Alex Trebek,United States,"December 18, 2020",2019,TV-G,2 Seasons,Reality TV,"Alex Trebek hosts one of TV's longest-running game shows, where a trio of players buzz in with their knowledge of history, arts, pop culture and more."
s7154,Movie,"Justice, My Foot!",Johnnie To,"Stephen Chow, Anita Mui, Carrie Ng, Wai Ai, Benjamin Chan, Ka Sang Cheung, Wing Cho, Paul Chun, Eddy Ko, Chi Ming Lau",Hong Kong,"August 31, 2018",1992,TV-14,95 min,"Action & Adventure, Comedies, International Movies",Slick lawyer Sung fears he's been cursed with bad karma and considers giving up his practice – until he's approached by a widow accused of murder.
s7158,TV Show,Kaçak,,"Gürkan Uygun, Mustafa Avkıran, Berk Hakman, Begüm Birgören, Özlem Yılmaz, Yağmur Tanrısevsin, İnanç Konukçu, Hasan Küçükçetin, Metin Coşkun, Selda Özer, Yağız Atakan Savaş, Burak Deniz, Cengiz Sezici, Haluk Bilginer, Tuğba Melis Türk",Turkey,"December 26, 2016",2013,TV-14,1 Season,"Crime TV Shows, International TV Shows, TV Action & Adventure",A cop who killed a mobster's son and fled to a small town with a changed identity finds his quiet new life disrupted when he becomes a local hero.
s7161,Movie,Kaalia,Tinnu Anand,"Amitabh Bachchan, Asha Parekh, Parveen Babi, Amjad Khan, Pran, K.N. Singh, Sajjan, Murad, Kader Khan, Jagdeep",India,"December 31, 2019",1981,TV-14,173 min,"Action & Adventure, Dramas, International Movies","Jailed for robbing his brother’s unscrupulous employer, a simpleton has a transformation while in prison, emerging with a violent mission for revenge."
s7170,Movie,Karzzzz,Satish Kaushik,"Himesh Reshammiya, Urmila Matondkar, Shweta Kumar, Dino Morea, Raj Babbar, Danny Denzongpa, Gulshan Grover, Rohini Hattangadi, Asrani, Smita Bansal",India,"October 22, 2017",2008,TV-14,137 min,"International Movies, Music & Musicals, Romantic Movies","When flashbacks reveal that he's the reincarnation of a man murdered by his wife, rock star Monty sets out to get revenge for the decades-old crime."
s7195,Movie,Kid Kulafu,Paul Soriano,"Robert Villar, Alessandra de Rossi, Cesar Montano, Alex Medina, Jake Macapagal, Khalil Ramos, Jomari Angeles, Kokoy DeSantos",Philippines,"March 4, 2019",2015,TV-14,108 min,"Dramas, International Movies, Sports Movies","Growing up in poverty and political turmoil, he found his way out in the ring. The early years of world-famous boxer Manny Pacquiao unfolds in this biopic."
s7243,Movie,Kung Fu Yoga,Stanley Tong,"Jackie Chan, Disha Patani, Amyra Dastur, Sonu Sood, Aarif Rahman, Miya Muqi, Zhang Yixing, Eric Tsang","China, India, Nepal","October 6, 2017",2017,TV-PG,107 min,"Action & Adventure, Comedies, International Movies",Two mismatched archaeologists battle a team of vicious mercenaries in a race to discover an ancient Tibetan treasure of unimaginable worth.
s7296,TV Show,Leyla and Mecnun,Onur Ünlü,"Ali Atay, Melis Birkan, Serkan Keskin, Ahmet Mümtaz Taylan, Cengiz Bozkurt, Osman Sonant, Köksal Engür, Ege Tanman, İştar Gökseven",Turkey,"April 15, 2017",2014,TV-MA,3 Seasons,"International TV Shows, Romantic TV Shows, TV Comedies","Destiny brings Mecnun and Leyla together as newborns, and again years later. Despite unexpected turns in Mecnun's zany life, Leyla remains a constant."
s7299,Movie,Life After Beth,Jeff Baena,"Aubrey Plaza, Dane DeHaan, John C. Reilly, Molly Shannon, Cheryl Hines, Paul Reiser, Matthew Gray Gubler, Anna Kendrick, Paul Weitz",United States,"July 21, 2018",2014,R,89 min,"Comedies, Horror Movies, Independent Movies","Following the death of his beloved girlfriend, Beth, Zach is first shattered and then overjoyed when she inexplicably comes back to life."
s7333,Movie,Lolita,Stanley Kubrick,"James Mason, Shelley Winters, Peter Sellers, Sue Lyon, Gary Cockrell, Jerry Stovin, Diana Decker, Lois Maxwell, Cec Linder","United Kingdom, United States","November 1, 2019",1962,R,153 min,"Classic Movies, Dramas, Romantic Movies","In this black comedy, an English professor marries his landlady to get closer to his forbidden obsession: her teenage daughter."
s7364,Movie,Ma Chu Ka,Jayan Vannery,"Pasupathy, Janani Iyer, Pratap Pothen",India,"July 1, 2018",2017,TV-14,117 min,"International Movies, Thrillers",The relationship between a journalist and a lawyer she meets while investigating a story grows complicated as she uncovers layers of deception.
s7378,Movie,Magic Snowflake,Luc Vinciguerra,"Nathan Simony, Benoît Allemane, Vincent Grass, Jean-Claude Donda, Alexis Tomassian, Pascal Sellem, Evelyne Grandjean, Alice Révérend, Kylian Trouillard, Céline Melloul","France, Belgium","December 20, 2015",2013,TV-Y,73 min,Children & Family Movies,Young Nicolas agrees to do Santa's work for one year. But the stress of the job threatens the boy's sense of joy – and Christmas itself.
s7383,TV Show,Maharakshak: Aryan,,"Aakarshan Singh, Vikramjeet Virk, Reena Aggarwal, Khalid Siddiqui, Abigail Jain, Rishabh Jain",India,"April 1, 2017",2014,TV-14,1 Season,"International TV Shows, TV Action & Adventure, TV Sci-Fi & Fantasy","Shy nerd Aryan learns soon after his 18th birthday that he has inherited superpowers, which he must use to vanquish a variety of evil threats."
s7417,Movie,Mary and the Witch's Flower,Hiromasa Yonebayashi,"Ruby Barnhill, Kate Winslet, Jim Broadbent, Ewen Bremner, Lynda Baron, Louis Ashbourne Serkis, Morwenna Banks, Teresa Gallagher, Rasmus Hardiker",Japan,"July 17, 2018",2017,PG,103 min,"Anime Features, Children & Family Movies","Ordinary girl Mary picks an extraordinary flower and travels to Endor College, a school for magic. But its foremost teachers have a sinister plan."
s7422,Movie,Mater,Pablo D'Alo Abba,"Lautaro Perotti, Tamara Kiper, Inda Lavalle, Miriam Odorico, Araceli Dvoskin, Gonzalo Ruiz, Patricio Aranguren, Marina Bellati, Luciana Fuks, Martin Slipak",Argentina,"August 1, 2018",2017,TV-MA,80 min,"Dramas, Independent Movies, International Movies",A single man in his 30s overwhelmed by his domineering mother meets a lesbian couple willing to go to extreme lengths to have a child.
s7452,Movie,MI-5,Bharat Nalluri,"Peter Firth, Kit Harington, Jennifer Ehle, Elyes Gabel, Eleanor Matsuura, Tim McInnerny, Lara Pulver, David Harewood, Tuppence Middleton",United Kingdom,"August 1, 2019",2015,R,105 min,"Action & Adventure, Dramas, International Movies","When a terrorist escapes custody, MI-5 director Harry Pearce becomes the scapegoat. But the wily veteran still has some spycraft tricks up his sleeve."
s7460,TV Show,Minute to Win It,,Apolo Anton Ohno,United States,"December 15, 2018",2013,TV-PG,1 Season,Reality TV,"In this game show hosted by Olympian Apolo Anton Ohno, contestants compete by completing 60-second challenges using common household items."
s7462,Movie,Mirror Mirror,Tarsem Singh,"Julia Roberts, Lily Collins, Armie Hammer, Nathan Lane, Mare Winningham, Michael Lerner, Sean Bean, Robert Emms, Danny Woodburn, Martin Klebba, Sebastian Saraceno, Jordan Prentice, Mark Povinelli, Joe Gnoffo, Ronald Lee Clark","United States, Canada","April 24, 2020",2012,PG,106 min,"Children & Family Movies, Comedies",This remake of the classic Grimm tale follows fair-skinned Snow White on a quest to regain her royal throne with help from a team of shady dwarves.
s7488,Movie,Monopoly (The Bank Of Luck),Ahmed El Gendy,"Mohamed Mamdouh, Mohammed Tharwat, Akram Hosny",Egypt,"June 15, 2019",2017,TV-MA,117 min,"Comedies, International Movies","Seeking revenge on his employer, a lazy bank agent and his two dim-witted friends concoct an elaborate but flawed heist."
s7491,Movie,"Monster High: Boo York, Boo York",William Lau,"Karen Strassman, Celeste Henderson, Wendee Lee, TJ Smith, America Young, Rachel Staman, Laura Bailey",United States,"September 29, 2015",2015,TV-Y7,72 min,"Children & Family Movies, Music & Musicals",Cleo is invited to a gala in the big city celebrating a magical comet and brings her best friends along. But the sinister Nefera has other plans.
s7527,Movie,Muppets Most Wanted,James Bobin,"Ricky Gervais, Ty Burrell, Tina Fey, Kermit the Frog, Miss Piggy, Fozzie Bear, Gonzo, Muppets, Steve Whitmire, Eric Jacobson, Dave Goelz, Bill Barretta, David Rudman, Matt Vogel, Peter Linz",United States,"September 1, 2020",2014,PG,110 min,"Children & Family Movies, Comedies","In the middle of their global tour, the Muppets inadvertently get mixed up in a perilous drama involving a gang of international jewel thieves."
s7570,TV Show,NATURE: Natural Born Hustlers,,Kevin Draine,United States,"March 1, 2017",2016,TV-G,1 Season,"Docuseries, Science & Nature TV","Sometimes being shady is the only way to survive, a fact these sneaky animal ""hustlers"" – including orcas, owls and otters – use to their advantage."
s7588,Movie,Nights in Rodanthe,George C. Wolfe,"Richard Gere, Diane Lane, Christopher Meloni, Viola Davis, Becky Ann Baker, Scott Glenn, Linda Molloy, Pablo Schreiber, Mae Whitman, Charlie Tahan","United States, Australia","July 1, 2019",2008,PG-13,97 min,"Dramas, Romantic Movies","When a hurricane hits a coastal North Carolina inn and strands the only guest, surgeon Paul Flanner, a young woman's life changes forever."
s7591,Movie,No Entry,Anees Bazmee,"Anil Kapoor, Salman Khan, Fardeen Khan, Bipasha Basu, Lara Dutta, Esha Deol, Celina Jaitly, Boman Irani",India,"March 1, 2018",2005,TV-PG,161 min,"Comedies, International Movies","After a prank goes sideways, three buddies find their relationships  – with women and each other – tested in unexpected ways."
s7592,Movie,No Estoy Loca,Nicolás López,"Paz Bascuñán, Marcial Tagle, Antonia Zegers, Carolina Paulsen, Gabriela Hernandez, Fernanda Urrejola, Luis Pablo Román, Loreto Aravena, Ariel Levy, Ignacia Allamand, Ramón Llao",Chile,"May 4, 2018",2018,TV-MA,116 min,"Comedies, Dramas, International Movies",A woman enters a quirky mental health clinic after attempting suicide upon finding out her husband is having an affair with her best friend.
s7595,Movie,Norm of the North: Family Vacation,Anthony Bell,"Andrew Toth, Lisa Durupt, Jonathan Holmes, Paul Dobson, Cole Howard, Brian Drummond, Jennifer Cameron",United States,"May 25, 2020",2020,TV-Y7,89 min,Children & Family Movies,"Stressed by his duties as king and father, Norm must secretly find his stolen crown while taking his family on a much-needed vacation."
s7639,Movie,Ocean's Thirteen,Steven Soderbergh,"George Clooney, Brad Pitt, Matt Damon, Andy Garcia, Don Cheadle, Bernie Mac, Ellen Barkin, Al Pacino, Casey Affleck, Scott Caan",United States,"October 1, 2019",2007,PG-13,122 min,"Action & Adventure, Comedies",This entry in the all-star caper franchise finds debonair con man Danny Ocean and his gang taking revenge on a double-crossing Las Vegas kingpin.
s7683,Movie,Ottaal,Jayaraj Rajasekharan Nair,"Ashanth K. Shah, Kumarakom Vasudevan, Shine Tom Chacko, Sabitha Jayaraj, Thomas J. Kannampuzha",India,"March 15, 2017",2014,TV-PG,88 min,"Dramas, International Movies","Young orphan Kuttappayi goes to live with his grandfather in the country, but his new life takes a hard turn when his grandfather's health fails."
s7690,TV Show,P. King Duckling,,"Marc Thompson, Benjie Randall, Courtney Shaw",United States,"November 7, 2017",2016,TV-Y,1 Season,"Kids' TV, TV Comedies","P. King, the daring but hapless duck, teams up with best buddies Wombat and Chumpkins to find wacky and wild ways to solve their problems."
s7726,TV Show,Penny Dreadful,,"Josh Hartnett, Eva Green, Timothy Dalton, Reeve Carney, Rory Kinnear, Billie Piper, Danny Sapani, Harry Treadaway","Ireland, United Kingdom, United States","September 17, 2016",2016,TV-MA,3 Seasons,"TV Dramas, TV Horror, TV Mysteries","The classic tales of Dracula, Frankenstein, Dorian Gray and more are woven together in this horror series set on the dark streets of Victorian London."
s7749,TV Show,Planet Earth: The Complete Collection,Alastair Fothergill,David Attenborough,United Kingdom,"April 22, 2015",2006,TV-PG,1 Season,"British TV Shows, Docuseries, International TV Shows",This landmark series transports nature lovers from the Himalayan Mountains to the depths of the ocean and everywhere in between.
s7769,TV Show,Power Rangers Mystic Force,,"Firass Dirani, Angie Diaz, Richard Brancatisano, Melanie Vallejo, Nic Sampson, John Tui, Peta Rutter, Antonia Prebble, Barnie Duncan, Kelson Henderson, Donogh Rees, Geoff Dolan, Holly Shanahan",United States,"January 1, 2016",2006,TV-Y7,1 Season,Kids' TV,"When the wicked Undead Army is unleashed, sorceress Udonna empowers five teenagers – the Mystic Force Power Rangers – to save mankind."
s7803,Movie,Pulp Fiction,Quentin Tarantino,"John Travolta, Samuel L. Jackson, Uma Thurman, Harvey Keitel, Tim Roth, Amanda Plummer, Maria de Medeiros, Ving Rhames, Eric Stoltz, Rosanna Arquette, Christopher Walken, Bruce Willis",United States,"January 1, 2019",1994,R,154 min,"Classic Movies, Cult Movies, Dramas","This stylized crime caper weaves together stories featuring a burger-loving hit man, his philosophical partner and a washed-up boxer."
s7805,Movie,Pusher,Luis Prieto,"Richard Coyle, Bronson Webb, Agyness Deyn, Mem Ferda, Zlatko Buric, Paul Kaye, Bill Thomas, Neil Maskell, Daisy Lewis",United Kingdom,"December 27, 2017",2012,R,89 min,Action & Adventure,"In this remake of a 1996 Danish thriller, a drug pusher incurs his suppliers' wrath when he gets busted and is left without the money he owes."
s7833,Movie,Ranbhool,Girish Joshi,"Subodh Bhave, Mohan Joshi, Vinay Apte, Uday Tikekar, Tejaswini Pandit, Saii Ranade, Daksha Mahendra, Gargi Datar",India,"March 15, 2018",2010,TV-MA,115 min,"Horror Movies, International Movies, Thrillers","Believing himself to be God's envoy, a troubled young man embarks on a killing spree as his passion for music becomes a psychotic obsession."
s7843,TV Show,Rectify,,"Aden Young, Abigail Spencer, J. Smith-Cameron, Clayne Crawford, Luke Kirby, Adelaide Clemens, Jake Austin Walker, Jayson Warner Smith, Bruce McKinnon, J.D. Evermore, Michael O'Neill, Sean Bridgers, Johnny Ray Gill, Sharon Conley, Michael Vartan",United States,"March 4, 2017",2016,TV-MA,4 Seasons,"Crime TV Shows, TV Dramas, TV Mysteries","Convicted of rape and murder at age 18, Daniel Holden spends nearly 20 years on death row until DNA evidence brings the verdict into question."
s7854,Movie,Remember,Atom Egoyan,"Christopher Plummer, Bruno Ganz, Jürgen Prochnow, Heinz Lieven, Henry Czerny, Dean Norris, Martin Landau","Canada, Mexico, Germany, South Africa","July 26, 2018",2015,R,95 min,"Action & Adventure, Dramas","Following the written instructions of his friend, senile Zev crosses the country to find and murder the Nazi who killed their families in Auschwitz."
s7856,Movie,Rememory,Mark Palansky,"Peter Dinklage, Julia Ormond, Martin Donovan, Anton Yelchin, Henry Ian Cusick, Evelyne Brochu, Matt Ellis, Colin Lawrence, Chad Krowchuk, Gracyn Shinyei","United Kingdom, United States, Canada","June 1, 2020",2017,PG-13,112 min,"Dramas, Sci-Fi & Fantasy","A psychologist is murdered after unveiling a breakthrough invention that extracts memories, spurring a fixated former patient to hunt for answers."
s7866,Movie,Revolutionary Road,Sam Mendes,"Leonardo DiCaprio, Kate Winslet, Kathy Bates, Michael Shannon, Kathryn Hahn, David Harbour, Dylan Baker, Richard Easton, Zoe Kazan, Jay O. Sanders, Max Casella","United States, United Kingdom","November 1, 2019",2008,R,120 min,"Dramas, Romantic Movies","April and Frank's marriage unravels when a plan to change their ""perfect"" lives becomes their last hope to escape lives engulfed in emptiness."
s7900,Movie,Rumble,R. Ellis Frazier,"Gary Daniels, Luis Gatica, Sissi Fleitas, Eddie J. Fernandez, Fabián López, Justin Nesbitt, Pedro Rodman Rodriguez",Mexico,"September 15, 2017",2016,TV-MA,92 min,"Action & Adventure, Independent Movies","An ex-MMA champion reduced to fixing fights in Mexico must win one last match to save his girlfriend, who's been kidnapped by the mob."
s7901,Movie,Rumble in the Bronx,Stanley Tong,"Jackie Chan, Anita Mui, Françoise Yip, Bill Tung, Marc Akerstream, Garvin Cross, Morgan Lam, Ailen Sit",Hong Kong,"November 1, 2019",1995,R,89 min,"Action & Adventure, Comedies, International Movies","During a visit to the Bronx to help out at his uncle's store, a cheerful martial arts expert springs into action when a gang terrorizes the shop."
s7924,Movie,Sakhi,Sanjay Soorkar,"Ashok Saraf, Sonali Kulkarni, Subodh Bhave, Usha Nadkarni, Raghavendra Kadkol, Pushkar Shrotri, Lokesh Gupte, Santosh Juvekar, Jyoti Joshi, Kishor Mahabole",India,"February 15, 2018",2007,TV-PG,152 min,"Dramas, International Movies, Music & Musicals","Caught in a downward spiral of failed career moves, misguided ambitions and bad relations, a pair of lost souls find hope in an unexpected friendship."
s7928,Movie,Sameer Abu Alneel,Amr Arafa,"Ahmed Mekky, Nicole Saba, Mohamed Lotfy, Hussien El Imam, Dina El-Sherbiny, Said Tarabeek, Alaa Morsy, Edward Fouad, Abdalah Mishrif, Youssef Eid",Egypt,"June 6, 2019",2013,TV-14,107 min,"Comedies, International Movies","Disliked for his stinginess, Samir finds his life turned upside down when he receives a windfall and launches a television channel."
s7941,Movie,Sat Sri Akal,Kamal Sahani,"Kimi Verma, Manpreet Singh, Arun Bali, Dolly Minhas, Avtar Gill, Manmeet Singh, Neelu Kohli, Vivek Shaq, Nirmal Rishi, Pooja Tandon",India,"January 30, 2019",2008,TV-14,141 min,"Dramas, Faith & Spirituality, International Movies","Based on true events, this moving story centers on a Punjabi family whose celebration of their faith endures in the face of conflicting attitudes."
s7948,Movie,Savage Raghda,Mahmoud Karim,"Ramez Galal, Riham Hagag, Bayyumi Fuad, Entessar, Ahmed Fathy, Mohammed Tharwat",Egypt,"June 13, 2019",2018,TV-MA,93 min,"Comedies, International Movies, Romantic Movies","Desperate to support his son, a single father uses his talent with makeup to dress up as a woman to try out for a part in a commercial."
s7957,Movie,Scary Movie 5,Malcolm D. Lee,"Simon Rex, Ashley Tisdale, Charlie Sheen, Lindsay Lohan, Gracie Whitton, Ava Kolker, Erica Ash, Lidia Porto, Katrina Bowden, Terry Crews",United States,"August 12, 2020",2013,PG-13,88 min,"Comedies, Horror Movies","Taking aim at not only the horror genre but also films like ""Black Swan"" and ""Inception,"" ""Scary Movie 5"" widens the franchise's scope of mockery."
s7963,Movie,Scream 3,Wes Craven,"David Arquette, Neve Campbell, Courteney Cox, Patrick Dempsey, Scott Foley, Lance Henriksen, Matt Keeslar, Jenny McCarthy, Emily Mortimer, Parker Posey, Deon Richmond, Kelly Rutherford, Liev Schreiber, Patrick Warburton, Jamie Kennedy",United States,"July 1, 2019",2000,R,117 min,Horror Movies,"This installment of the tongue-in-cheek horror franchise finds Sidney Prescott once again battling a crazed killer – this time, on a movie set."
s8016,TV Show,Sid the Science Kid,,"Drew Massey, Julianne Buescher, Victor Yerrid, Alice Dinnean, Donna Kimball, John Munro Cameron, Kristin Charney",United States,"March 31, 2020",2008,TV-Y,1 Season,Kids' TV,"Armed with a healthy sense of humor and the help of his teacher, friends and family, curious kid Sid tackles questions youngsters have about science."
s8042,Movie,Slow West,John Maclean,"Kodi Smit-McPhee, Michael Fassbender, Ben Mendelsohn, Caren Pistorius, Rory McCann, Andrew Robertt, Edwin Wright, Kalani Queypo","United Kingdom, New Zealand","July 26, 2018",2015,R,84 min,"Action & Adventure, Dramas, International Movies","Determined to find the woman he loves, a Scottish teenager braves the Western frontier of 19th-century America, with bounty hunters hot on his trail."
s8048,Movie,Socha Na Tha,Imtiaz Ali,"Abhay Deol, Ayesha Takia, Apoorva Jha, Ayesha Jhulka, Rati Agnihotri, Sandhya Mridul, Suresh Oberoi, Manish Chaudhary",India,"July 1, 2018",2005,TV-14,137 min,"Comedies, International Movies, Romantic Movies","An arranged marriage becomes a friendship for Viren and Aditi, who aren't in love – until they begin having unexpected feelings for each other."
s8051,Movie,Solo Con Tu Pareja,Alfonso Cuarón,"Luis de Icaza, Dobrina Liubomirova, Isabel Benet, Claudia Fernandez, Luz María Jerez, Claudia Ramírez, Astrid Hadad, Toshiro Hisaki, Daniel Giménez Cacho, Carlos Nakasone, Ricardo Dalmacci, Nevil Wilton, John Keyser, Raúl Valerio, Monserrat Ontiveros, Daniel Gimenez Cacho",Mexico,"September 1, 2018",1991,NR,94 min,"Comedies, Independent Movies, International Movies",A yuppie playboy looks for a quick death after being falsely diagnosed with AIDS by a nurse who was once cheated by the young Casanova.
s8055,Movie,Some Freaks,Ian MacAllister-McDonald,"Thomas Mann, Lily Mae Harrington, Ely Henry, Lachlan Buchanan, Marin Ireland, John Thorsen, Stephen Thorne, Shannon Hartman",United States,"December 18, 2017",2017,TV-MA,97 min,"Dramas, Romantic Movies","A one-eyed boy and plus-sized girl form a deep connection. But following a brief separation, they reunite as different people."
s8081,Movie,Standoff,Adam Alleca,"Thomas Jane, Laurence Fishburne, Joanna Douglas, John Tench, Ted Atherton, Jim Watson, Ella Ballentine",Canada,"December 11, 2018",2015,R,86 min,Action & Adventure,"After witnessing an assassin's slaughter, a young girl holes up in a farmhouse with a suicidal vet, who must use wits and guts to fend off the killer."
s8094,TV Show,Stoked,,"Terry McGurrin, Katie Crown, Kristin Fairlie, Mazin Elsadig, Anastasia Phillips, Arnold Pinnock, Jamie Spilchuk, Lauren Lipson, Fiona Reid, Jeff Geddis","United States, Canada","December 16, 2017",2010,TV-PG,1 Season,Kids' TV,Six teenage groms come together one summer to share a dream: to work at the world-renowned Surfer's Paradise Resort on the legendary Sunset Island.
s8096,Movie,Stonehearst Asylum,Brad Anderson,"Kate Beckinsale, Jim Sturgess, David Thewlis, Brendan Gleeson, Ben Kingsley, Michael Caine, Jason Flemyng, Sophie Kennedy Clark, Sinéad Cusack, Edmund Kingsley",United States,"September 8, 2017",2014,PG-13,113 min,"Horror Movies, Thrillers","In 1899, a young doctor arrives at an asylum for an apprenticeship and becomes suspicious of his mentor's methods while falling for a female patient."
s8100,Movie,Straight Up,James Sweeney,"James Sweeney, Katie Findlay, Randall Park, Hillary Anne Matthews, James Scully, Betsy Brandt",United States,"June 26, 2020",2020,TV-MA,96 min,"Comedies, Independent Movies, LGBTQ Movies","When a gay brainiac with OCD questions his identity, he enters a romantic relationship with a woman, leaving sex and physical intimacy out of it."
s8112,Movie,Submission,J.M. Berrios,"Scott Pryor, Darrin Dewitt Henson, Eric Roberts, Kevin Sizemore, Lorynn York, John Gray, Sara McMann, Ovince Saint Preux",United States,"November 11, 2019",2019,TV-MA,95 min,"Action & Adventure, Dramas","After a near-death trip home, a Marine looking to help his comrade survive returns to the underground world of MMA, where new battles await."
s8126,TV Show,Super Wings,,"Luca Padovan, Evan Smolin, Junah Jang, Colin Critchley","United States, South Korea, China","December 1, 2020",2020,TV-Y,3 Seasons,"Kids' TV, Korean TV Shows",A cheerful jet and his transforming pals strive to find peaceful solutions to their problems while delivering packages to children around the globe.
s8133,TV Show,Surviving R. Kelly Part II: The Reckoning,,R. Kelly,United States,"April 13, 2020",2020,TV-MA,1 Season,"Crime TV Shows, Docuseries","As more women come forward with harrowing accusations against R. Kelly, his criminal case gains momentum in this follow-up to the powerful docuseries."
s8145,Movie,Taal,Subhash Ghai,"Anil Kapoor, Aishwarya Rai Bachchan, Akshaye Khanna, Amrish Puri, Alok Nath, Mita Vasisht, Saurabh Shukla, Supriya Karnik",India,"March 1, 2018",1999,TV-PG,177 min,"Dramas, International Movies, Music & Musicals","Businessman Manav falls for aspiring singer Mansi, but their romance faces an uphill climb when Manav must depart and Mansi's suave manager moves in."
s8151,Movie,Tarif de nuit,Julien Seri,"Jonathan Howard, Jonathan Demurger, Fanny Valette, Jess Liaudin",France,"March 1, 2018",2015,TV-MA,81 min,"International Movies, Thrillers","A night out in Paris quickly unravels when two friends provoke the wrong taxi driver, who's after something bigger than cab fare."
s8193,Movie,The Ant's Scream,Sameh Abdulaziz,"Amr Abdel-Geleel, Rania Yousef, Salloum Haddad, Hesham Al-Meligy, Farida Al-Gready, Ahmad Wafiq, Mohamed Abo El Hassan, Amr Sakr, Ahmed Gamal Saeed, Riham Ayman",Egypt,"June 13, 2019",2010,TV-14,108 min,"Comedies, Dramas, International Movies","Released after being wrongly imprisoned in Iraq, an Egyptian contractor returns home to a country on the brink of revolution."
s8197,Movie,The Art of War,Christian Duguay,"Wesley Snipes, Anne Archer, Maury Chaykin, Marie Matiko, Cary-Hiroyuki Tagawa, Michael Biehn, Donald Sutherland, Liliana Komorowska, James Hong","United States, Canada","July 1, 2020",2000,R,117 min,Action & Adventure,"Framed for the murder of an ambassador, a former member of the United Nations' elite covert action unit will do whatever it takes to clear his name."
s8204,Movie,The Bare-Footed Kid,Johnnie To,"Aaron Kwok, Lung Ti, Maggie Cheung, Chien-lien Wu, Paul Chun, Kenneth Tsang",Hong Kong,"August 16, 2018",1993,TV-14,83 min,"Action & Adventure, International Movies","While working at a family friend's business, a penniless orphan draws the attention of a corrupt competitor and is torn between divided loyalties."
s8232,Movie,The Bund,,Chow Yun Fat,Hong Kong,"September 20, 2018",1983,TV-14,103 min,"Action & Adventure, Dramas, International Movies","After losing everything, a young man rebuilds his life and finds love in 1920s Shanghai – all while rising to power in an organized crime syndicate."
s8241,Movie,The Cell,Tarek Al Eryan,"Ahmed Ezz, Mohamed Mamdouh, Samer al Masri, Amina Khalil, Ahmed Safwat, Ahmed Salah Hosny, Aïcha Ben Ahmed, Rania Elkhatib, Riham Abdel Ghafour",Egypt,"June 13, 2019",2017,TV-MA,126 min,"Action & Adventure, Dramas, International Movies",A special operations officer vows to get revenge against the terrorist who killed his friend in a brutal attack.
s8244,TV Show,The Chefs' Line,,"Dan Hong, Mark Olive, Melissa Leong, Maeve O'Meara",Australia,"August 1, 2019",2017,TV-14,1 Season,"International TV Shows, Reality TV",Home cooks face off against trained chefs to see if passion can beat profession in the kitchen in this reality competition show.
s8267,Movie,The Dark Crystal,"Frank Oz, Jim Henson","Jim Henson, Kathryn Mullen, Frank Oz, Dave Goelz, Stephen Garlick, Lisa Maxwell, Billie Whitelaw, Percy Edwards, Joseph O'Conor","United States, United Kingdom","May 1, 2019",1982,PG,93 min,Children & Family Movies,"In this mythical tale, Jen, the last of the Gelfling race, is charged with healing the Crystal of Truth after its mutilation sets off an era of terror."
s8294,TV Show,The Fear,Michael Samuels,"Peter Mullan, Anastasia Hille, Harry Lloyd, Paul Nicholls, Demosthenes Chrysan, Dragos Bucur, Shaban Arifi, Julia Ragnarsson, Danny Sapani, Nigel Lindsay, Osy Ikhile, Sidney Kean, Lisa McAllister, Catherine Winter, Amarildo Kola, Julius Peter Wells",United Kingdom,"March 31, 2017",2012,TV-MA,1 Season,"British TV Shows, Crime TV Shows, TV Dramas","Richie Beckett is an aging Brighton crime boss who's struggling with the onset of dementia, just as a rival gang is trying to take over his territory."
s8311,Movie,The Forgotten,Oliver Frampton,"Clem Tibber, Elarica Johnson, James Doherty, Shaun Dingwall, Lyndsey Marshal",United Kingdom,"September 11, 2017",2014,TV-MA,89 min,Horror Movies,"After a teenager goes to live with his father in abandoned public housing, he hears strange noises and decides to investigate with his new friend."
s8313,Movie,The Founder,John Lee Hancock,"Laura Dern, B.J. Novak, Patrick Wilson, John Carroll Lynch, Ric Reitz, John Carroll, Nick Offerman, Michael Keaton, Wilbur Fitzgerald, Linda Cardellini","United States, Greece","August 21, 2020",2016,PG-13,115 min,Dramas,"After a fateful encounter with the McDonald brothers, struggling salesman Ray Kroc becomes driven to change the way hamburgers are made and sold."
s8344,Movie,The Heroes of Evil,Zoe Berriatúa,"Emilio Palacios, Jorge Clemente, Beatriz Medina, Macarena Gómez, Olivia Baglivi, Paula Soldevila, Nacho Coronado, Beatriz Olivares",Spain,"June 1, 2016",2015,TV-MA,99 min,"Dramas, International Movies","Three teenage misfits find camaraderie in sex, violence and petty crime. But what starts as a lark soon threatens to damage them beyond repair."
s8379,TV Show,The L Word,,"Jennifer Beals, Leisha Hailey, Laurel Holloman, Mia Kirshner, Katherine Moennig, Pam Grier, Rachel Shelley, Daniela Sea, Erin Daniels, Marlee Matlin","Canada, United States"," March 20, 2018",2009,TV-MA,6 Seasons,"Romantic TV Shows, TV Dramas",This trailblazing series follows the tangled lives and ever-changing relationships among a close-knit group of lesbians who call Los Angeles home.
s8388,Movie,The Last Man on the Moon,Mark Craig,Eugene Cernan,United Kingdom,"May 26, 2016",2014,TV-PG,96 min,Documentaries,Astronaut Gene Cernan looks back on the exciting history of NASA's lunar landings and how being the last man to stand on the moon changed his life.
s8423,TV Show,The Mind of a Chef,,"Anthony Bourdain, David Chang, Sean Brock, April Bloomfield, Edward Lee, Magnus Nilsson, Gabrielle Hamilton, David Kinch, Ludo Lefebvre",United States," November 1, 2017",2016,TV-PG,5 Seasons,Docuseries,Producer and narrator Anthony Bourdain explores the creative processes of international celebrity chefs to learn what fuels their culinary artistry.
s8425,TV Show,The Ministry of Time,,"Rodolfo Sancho, Aura Garrido, Nacho Fresneda, Cayetana Guillén Cuervo, Juan Gea, Jaime Blanch, Natalia Millan, Julián Villagrán, Hugo Silva, Francesca Piñón, Mar Saura, Ramón Langa, Andrés Gertrúdix, Macarena García",Spain," January 28, 2018",2017,TV-MA,3 Seasons,"International TV Shows, Spanish-Language TV Shows, TV Action & Adventure",Three officers from different eras work for a secret agency guarding Spain's past from time-traveling intruders trying to manipulate history.
s8436,Movie,The Natural,Barry Levinson,"Robert Redford, Robert Duvall, Glenn Close, Kim Basinger, Wilford Brimley, Barbara Hershey, Robert Prosky, Richard Farnsworth, Joe Don Baker, John Finnegan",United States,"January 1, 2020",1984,PG,138 min,"Classic Movies, Dramas, Sports Movies",A gifted baseball player whose life has taken some startling turns becomes a 35-year-old rookie who helps a cellar-dwelling team get back in the game.
s8445,Movie,The Only Mother To You All,Wenn V. Deramas,"Ai-Ai de las Alas, Shaina Magdayao, Carlo Aquino, Alwyn Uytingco, Eugene Domingo, Deejay Durano, Serena Dalrymple, Jiro Manio, Yuki Kadooka, Cherry Pie Picache, Gloria Diaz",Philippines,"February 27, 2019",2008,TV-PG,106 min,"Comedies, International Movies","Raising her large family alone after her husband's death, Ina searches for work and finally lands the most unlikely job: president of the Philippines."
s8453,Movie,The Phantom of the Opera,Joel Schumacher,"Gerard Butler, Emmy Rossum, Patrick Wilson, Miranda Richardson, Minnie Driver, Ciarán Hinds, Simon Callow, Victor McGuire, Jennifer Ellison","United Kingdom, United States","June 1, 2019",2004,PG-13,141 min,"Dramas, Music & Musicals, Romantic Movies","In 1870, a disfigured recluse roams beneath a Parisian opera house and takes under his wing a young soprano, with whom a love triangle develops."
s8481,Movie,The Rehearsal,Alison MacLean,"James Rolleston, Kerry Fox, Ella Edwards, Alice Englert",New Zealand,"January 1, 2018",2016,TV-MA,102 min,"Dramas, Independent Movies, International Movies",A drama student is torn between creative possibility and ethical boundaries when his girlfriend's family gets caught up in a sex scandal.
s8483,TV Show,The Returned,,"Anne Cosigny, Frédéric Pierrot, Clotilde Hesme, Céline Sallette, Samir Guesmi, Guillaume Gouix, Jean-Francois Sivadier, Alix Poisson, Jenna Thiam, Grégory Gadebois, Pierre Perrier, Yara Pilartz, Swann Nambotin, Ana Girardot, Brune Martin, Bertrand Constant, Matila Malliarakis, Constance Dollé, Laetitia de Fombelle, Simon Ehrlacher, Vincent Trouilleux, Jérôme Kircher, Guillaume Marquet, Alma Arnal, Julien Bourdel, François Briault, Gilles Chabrier, Aksel Ustun, Alain Blazquez",France,"February 17, 2019",2015,TV-MA,1 Season,"International TV Shows, TV Dramas, TV Horror","On returning home and finding they're believed to be dead, a collection of near-strangers from the same village try to find a reason for their plight."
s8494,Movie,The Rover,David Michôd,"Guy Pearce, Robert Pattinson, Scoot McNairy, David Field, Anthony Hayes, Gillian Jones, Susan Prior, Nash Edgerton","Australia, United States","July 19, 2018",2014,R,103 min,"International Movies, Thrillers","Set in a chaotic future, this Outback saga follows loner Eric's brutal ordeal when a criminal gang takes his car and leaves him nowhere with nothing."
s8514,Movie,The Spectacular Now,James Ponsoldt,"Miles Teller, Shailene Woodley, Brie Larson, Jennifer Jason Leigh, Mary Elizabeth Winstead, Kyle Chandler, Dayo Okeniyi, Bob Odenkirk, Andre Royo, Masam Holden",United States,"July 15, 2018",2013,R,95 min,"Dramas, Independent Movies, Romantic Movies","Classmates Aimee and Sutter form an unlikely friendship, and after helping Aimee raise her social confidence, Sutter begins falling for his creation."
s8516,Movie,The Spy Next Door,Brian Levant,"Jackie Chan, Amber Valletta, George Lopez, Billy Ray Cyrus, Magnús Scheving, Madeline Carroll, Will Shadley, Alina Foley, Katherine Boecher, Mia Stallard, Lucas Till",United States,"November 1, 2020",2010,PG,94 min,"Action & Adventure, Children & Family Movies, Comedies","While babysitting, an undercover agent is thrust back into the world of top-secret adventure when one his young charges downloads a classified file."
s8526,Movie,The Taking of Pelham 123,Tony Scott,"Denzel Washington, John Travolta, Luis Guzmán, Victor Gojcaj, Robert Vataj, John Turturro, Michael Rispoli, Ramon Rodriguez, James Gandolfini, John Benjamin Hickey, Alex Kaluzhsky, Gbenga Akinnagbe","United States, United Kingdom","September 1, 2019",2009,R,106 min,Action & Adventure,"When a group of hijackers takes passengers aboard a subway train hostage and demand a ransom, it's up to dispatcher Walter Garber to bring them down."
s8549,Movie,The Vatican Tapes,Mark Neveldine,"Olivia Taylor Dudley, Michael Peña, Dougray Scott, Djimon Hounsou, Peter Andersson, Kathleen Robertson, John Patrick Amedori, Michael Paré, Alex Sparrow, Cas Anvar",United States,"April 20, 2020",2015,PG-13,91 min,"Horror Movies, Thrillers",A young woman hospitalized for an infected wound becomes possessed by a satanic force that will take a priest and two Vatican exorcists to defeat.
s8556,Movie,The Wedding Curse,Chito S. Roño,"Kris Aquino, Claudine Barretto, Boots Anson-Roa, Glaiza De Castro, Jhong Hilario, Liza Lorena, Bernard Palanca, Wendell Ramos, Maja Salvador, Ronaldo Valdez",Philippines,"March 21, 2019",2006,TV-PG,101 min,"Horror Movies, International Movies",Two weddings marred by tragedy lead the respective brides to believe that that they've been cursed by an old cultural superstition.
s8565,Movie,The World Is Not Enough,Michael Apted,"Pierce Brosnan, Sophie Marceau, Robert Carlyle, Denise Richards, Robbie Coltrane, Judi Dench, Desmond Llewelyn, John Cleese, Maria Grazia Cucinotta","United Kingdom, United States","December 31, 2019",1999,PG-13,128 min,Action & Adventure,"Greed, revenge, world domination: It's all in a day's work for James Bond, who's on a mission to protect an oil heiress from a notorious terrorist."
s8579,Movie,Thithi,Raam Reddy,"Thammegowda S., Channegowda, Abhishek H.N., Pooja, Singri Gowda","India, United States","March 9, 2017",2015,TV-MA,123 min,"Dramas, Independent Movies, International Movies","In a South Indian village, a centenarian's funeral brings together his free-spirited son, inheritance-hungry grandson and girl-crazy great-grandson."
s8643,Movie,Tusk,Kevin Smith,"Michael Parks, Justin Long, Haley Joel Osment, Genesis Rodriguez, Johnny Depp, Harley Morenstein, Ralph Garman, Jennifer Schwalbach",United States,"July 24, 2018",2014,R,102 min,Horror Movies,"When a wise-guy podcaster interviews a disabled seafarer, he decides to embark on a transformational quest to track down a dangerous walrus-monster."
s8659,Movie,Under The Skin,Jonathan Glazer,"Scarlett Johansson, Krystof Hádek, Jeremy McWilliams, Joe Szula, Lynsey Taylor Mackay, Dougie McConnell, Kevin McAlinden, Andrew Gorman, Roy Armstrong, Alison Chand, Paul Brannigan","Switzerland, United Kingdom, United States","July 15, 2018",2013,R,108 min,"Dramas, Independent Movies, International Movies","A seductive alien prowls the streets in search of prey: unsuspecting men who fall under her spell, only to be consumed by a strange liquid pool."
s8668,Movie,USS Indianapolis: Men of Courage,Mario Van Peebles,"Nicolas Cage, Tom Sizemore, Thomas Jane, Matt Lanter, James Remar, Brian Presley, Johnny Wactor, Adam Scott Miller, Cody Walker, Callard Harris",United States,"September 25, 2019",2016,R,130 min,Action & Adventure,"After becoming stranded in the Philippine Sea during World War II, a tenacious Navy crew faces a dire lack of supplies and a string of shark attacks."
s8771,Movie,Yaadein,Subhash Ghai,"Jackie Shroff, Hrithik Roshan, Kareena Kapoor, Amrish Puri, Kiran Rathod, Rati Agnihotri, Supriya Karnik, Anang Desai",India,"March 1, 2018",2001,TV-14,171 min,"Dramas, International Movies, Romantic Movies","Two young lovers set out to overcome the obstacles that stand in the way of their marriage, beginning with the objections of the girl's father."
